Satisfaction,Observation,5ghi,2ghi,5gcm,5gcs,Alph,Acppc,Tobl,Blp10al,Macppc,Po5co5,Rmph,Rsph,Stco,Trcpc,Tume,Umempd,Umegmpd,Waps,War,Eain,Eaua,strn
Unsatisfied,1,No,No,3,8,4866,0.33,4.76,9.77,1,No,4+,8,6,1,10,8,3,8112,56784,5,0,Yes
Unsatisfied,2,No,No,0,0,32076,2,5.64,1.76,5,No,4+,8,20,8,3,1,1,2200.29,46206,5,7,No
Unsatisfied,3,Yes,No,2,7,41232,0.75,9.12,2.21,3,No,4+,7,12,3,3,1,1,494.69,6431,4,Don't know,Yes
Unsatisfied,4,Yes,No,0,0,105460,1.5,89.43,8.48,5,Yes,4+,4,18,6,17,6,3,254.79,4841,9,0,Yes
Somewhat Satisfied,5,No,No,0,0,21908,1,10.22,4.66,2,No,4+,9,19,4,0,0,0,136,2720,7,Don't know,Yes
Somewhat Satisfied,6,No,No,0,0,409,0,0.11,2.75,0,No,4+,7,2,0,0,0,0,1.33,4,8,8,No
Unsatisfied,7,No,Yes,1,1,22974,2.33,62.72,27.3,3,No,4+,9,8,7,0,0,0,140,1260,7,0,Yes
Somewhat Satisfied,8,No,No,1,2,28119,1.33,56.8,20.2,4,No,4+,14,18,4,3,2,2,47.37,900,,,Yes
Unsatisfied,9,No,No,0,0,29316,1,3.04,1.04,2,No,4+,14,7,3,1,1,1,728.63,5829,0,0,No
Unsatisfied,10,Yes,No,2,4,24618,1,19.31,7.84,3,No,4+,6,12,3,6,3,3,2036,26468,3,0,No
Somewhat Satisfied,11,Yes,No,0,0,46053,0.33,26.8,5.82,1,Yes,4+,5,11,1,0,0,0,70.17,842,6,9,Yes
Somewhat Satisfied,12,No,No,0,0,24588,2,365.03,148.45,3,No,4+,7,12,6,6,3,3,1477.92,19213,6,5,Yes
Somewhat Satisfied,13,No,No,0,0,46550,1,3.55,0.76,3,Yes,4+,16,22,5,4,1,1,406.13,9341,3,7,Yes
Somewhat Satisfied,14,No,No,0,0,14046,3.33,8.3,5.91,6,Yes,4+,9,16,10,18,10,3,661.88,11252,6,,No
Unsatisfied,15,Yes,No,0,0,35952,1,0.35,0.1,3,No,4+,8,12,3,1,1,1,1660.23,21583,2,3,No
Satisfied,16,Yes,No,0,0,14303,4,3.42,2.39,4,No,4+,7,9,4,0,0,0,109.6,1096,0,6,No
Unsatisfied,17,No,No,4+,4,16107,0.67,3.94,2.45,1,No,4+,9,9,2,33,17,3,88.9,889,2,1,No
Satisfied,18,Yes,No,0,0,588,0.33,0,0,1,No,4+,6,2,1,5,3,3,489,1467,Don't know,Don't know,No
Unsatisfied,19,No,No,0,0,11465,1.4,0.12,0.11,3,No,4+,14,7,7,0,0,0,6.5,52,0,Don't know,No
Somewhat Satisfied,20,No,No,0,0,8466,2,0.47,0.56,2,Yes,4+,4,11,2,0,0,0,88.92,1067,6,7,Yes
Unsatisfied,21,No,No,1,2,14568,0,2.45,1.68,0,No,3-Feb,2,6,0,2,2,2,87.14,610,6,5,No
Satisfied,22,No,No,4+,4,4107,2,0.36,0.88,2,No,3-Feb,2,5,2,0,0,0,63.83,383,10,Don't know,No
Unsatisfied,23,No,No,1,3,36180,2.33,4.5,1.24,7,No,3-Feb,2,26,7,0,0,0,657.89,17763,5,5,Yes
Unsatisfied,24,No,Yes,4+,17,26868,1,6.08,2.26,1,No,3-Feb,3,8,3,12,11,3,85,765,10,5,No
Unsatisfied,25,No,No,0,0,35857,1.5,4.43,1.24,4,No,3-Feb,2,16,6,1,1,1,110.29,1875,1,1,Yes
Somewhat Satisfied,26,No,No,0,0,31467,3.33,34.78,11.05,4,Yes,3-Feb,3,15,10,0,0,0,1773.88,28382,Don't know,,No
Unsatisfied,27,No,No,1,1,3516,0,11.69,33.23,0,No,3-Feb,3,10,0,0,0,0,1099.45,12094,7,7,No
Satisfied,28,No,No,1,3,6177,0.33,0.26,0.42,1,No,3-Feb,1,3,1,0,0,0,972.25,3889,9,Don't know,No
Satisfied,29,No,No,0,0,19774,0,2.42,1.22,0,No,3-Feb,2,8,0,0,0,0,134.78,1213,3,7,No
Satisfied,30,No,No,2,11,57852,1,15.17,2.62,2,No,3-Feb,1,10,6,5,1,1,2428.36,26712,5,8,No
Unsatisfied,31,No,No,0,0,7296,2.33,0.34,0.47,6,No,3-Feb,4,13,7,1,1,1,335.93,4703,1,0,No
Unsatisfied,32,No,No,0,0,75261,3.67,26.41,3.51,5,No,3-Feb,1,18,11,0,0,0,328.68,6245,5,4,Yes
Unsatisfied,33,No,No,0,0,16101,3.33,13.13,8.15,6,Yes,3-Feb,1,16,10,0,0,0,1933.41,32868,3,5,No
Unsatisfied,34,No,No,1,3,68157,2.33,382.91,56.18,4,Yes,3-Feb,1,12,7,2,1,1,247.77,3221,0,0,Yes
Satisfied,35,No,No,0,0,7812,2,11.07,14.17,3,No,3-Feb,2,9,6,0,0,0,2467.3,24673,1,3,No
Somewhat Satisfied,36,No,No,2,5,42480,1,1.87,0.44,3,No,3-Feb,2,10,3,3,2,2,233.73,2571,,,No
Satisfied,37,No,No,0,0,45963,0,0.98,0.21,0,No,3-Feb,1,3,0,1,1,1,23.25,93,8,Don't know,No
Somewhat Satisfied,38,No,No,0,0,8082,0.33,0.65,0.8,1,No,3-Feb,1,5,1,2,1,1,723.67,4342,3,Don't know,No
Satisfied,39,No,No,0,0,36498,5,4.3,1.18,7,No,3-Feb,15,18,10,0,0,0,909.42,17279,8,9,Yes
Somewhat Satisfied,40,No,Yes,0,0,50184,1.33,26.05,5.19,3,No,3-Feb,1,25,4,0,0,0,608.85,15830,6,6,Yes
Unsatisfied,41,No,No,0,0,24405,0.67,0.83,0.34,1,No,3-Feb,1,27,2,0,0,0,113.43,3176,2,2,Yes
Satisfied,42,No,No,1,1,14022,0.33,3.58,2.56,1,No,3-Feb,3,6,1,0,0,0,596,4172,7,6,No
Somewhat Satisfied,43,,,,,,,,,,No,3-Feb,15,,,0,0,0,9841,9841,7,3,Yes
Satisfied,44,No,No,1,3,9705,1.67,80.36,82.79,3,Yes,3-Feb,2,15,5,2,1,1,795.06,12721,10,8,No
Somewhat Satisfied,45,Yes,No,0,0,13269,14,17.22,12.98,14,Yes,3-Feb,1,47,14,0,0,0,45.48,2183,,,No
Unsatisfied,46,No,No,0,0,3472,3,0.07,0.2,3,No,3-Feb,2,5,3,0,0,0,40.67,244,0,6,No
Unsatisfied,47,No,No,0,0,1742,1,0.08,0.43,1,No,3-Feb,1,6,1,0,0,0,2,14,2,Don't know,No
Unsatisfied,48,No,No,0,0,72078,2,45.51,6.31,6,No,3-Feb,2,28,6,1,1,1,283.24,8214,1,10,No
Somewhat Satisfied,49,No,No,0,0,35184,2.67,39.62,11.26,4,Yes,3-Feb,1,14,8,0,0,0,13.33,200,3,2,No
Somewhat Satisfied,50,No,Yes,2,10,173028,1,181.52,10.49,4,Yes,3-Feb,4,21,6,4,1,1,139.32,3065,8,9,No
Somewhat Satisfied,51,Yes,No,2,7,143992,2.75,11.68,0.81,6,Yes,3-Feb,2,32,11,7,3,3,847.85,27979,5,Don't know,Yes
Unsatisfied,52,No,No,2,9,24420,1,5.1,2.09,3,No,3-Feb,2,12,5,4,1,1,744.85,9683,6,2,No
Somewhat Satisfied,53,Yes,No,0,0,958,0.5,0,0,1,Yes,3-Feb,2,1,1,1,1,1,189,378,,,No
Satisfied,54,No,No,0,0,45980,2.4,4.55,0.99,6,No,3-Feb,4,11,12,15,5,3,305,3660,8,Don't know,No
Unsatisfied,55,No,No,0,0,37017,2,44.79,12.1,4,No,3-Feb,2,21,6,0,0,0,71,1562,6,2,No
Satisfied,56,No,No,1,2,7551,1.33,0.47,0.62,3,No,3-Feb,1,10,4,2,1,1,266.09,2927,8,8,No
Somewhat Satisfied,57,No,No,3,6,37242,1,115.6,31.04,3,No,3-Feb,3,15,3,4,2,2,742.25,11876,5,,No
Satisfied,58,No,No,0,0,64708,1.5,0.36,0.06,6,No,3-Feb,2,22,6,0,0,0,723.35,16637,9,8,Yes
Unsatisfied,59,No,No,4+,111,28403,1.67,5.13,1.81,3,No,3-Feb,1,21,5,3,2,2,359.36,7906,6,4,No
Somewhat Satisfied,60,Yes,No,0,0,10260,1.33,5.15,5.02,3,No,3-Feb,1,15,4,3,2,2,1735.19,27763,7,8,Yes
Satisfied,61,Yes,No,0,0,1878,2,3.07,16.33,2,No,3-Feb,1,5,2,0,0,0,5.33,32,9,Don't know,Yes
Satisfied,62,No,Yes,0,0,34008,1,6.76,1.99,3,No,3-Feb,2,11,3,0,0,0,3123.5,37482,8,Don't know,Yes
Unsatisfied,63,No,Yes,0,0,36246,4.67,2842.73,784.27,9,No,3-Feb,3,18,14,0,0,0,87.95,1671,9,8,No
Unsatisfied,64,No,No,0,0,40911,2.33,45.56,11.14,6,Yes,3-Feb,1,20,7,0,0,0,123.57,2595,8,10,Yes
Somewhat Satisfied,65,No,No,0,0,24390,1.33,28.82,11.82,4,Yes,3-Feb,4,15,4,0,0,0,78.75,1260,,,Yes
Unsatisfied,66,No,Yes,0,0,6014,5,0.04,0.07,5,Yes,3-Feb,1,11,5,0,0,0,56.33,676,5,6,No
Somewhat Satisfied,67,No,No,0,0,43974,2.67,5.78,1.31,4,No,3-Feb,4,14,8,4,2,2,581.4,8721,,,No
Satisfied,68,No,No,0,0,27651,1.33,259.43,93.82,4,No,3-Feb,1,17,4,0,0,0,2251.56,40528,10,7,Yes
Unsatisfied,69,No,No,1,3,26754,0.33,57.61,21.53,1,No,3-Feb,2,16,1,0,0,0,74.12,1260,8,10,Yes
Satisfied,70,No,No,2,4,,0.67,,,2,No,3-Feb,3,9,2,0,0,0,6482.3,64823,8,10,No
Unsatisfied,71,Yes,No,0,0,6868,4.5,0.79,1.15,5,No,3-Feb,1,7,9,0,0,0,545.25,4362,4,3,No
Satisfied,72,Yes,No,0,0,35073,2,1.33,0.38,6,No,3-Feb,3,12,6,0,0,0,331.08,4304,5,10,No
Unsatisfied,73,No,Yes,1,2,62049,0.33,17.01,2.74,1,No,3-Feb,1,26,1,2,1,1,570.15,15394,6,3,Yes
Unsatisfied,74,No,No,3,8,13425,1.33,0.14,0.1,2,No,3-Feb,5,5,4,0,0,0,77.17,463,1,5,No
Somewhat Satisfied,75,No,Yes,1,2,22848,1.33,54.16,23.7,2,No,3-Feb,1,10,4,2,1,1,2652,29172,9,9,Yes
Unsatisfied,76,No,No,0,0,115935,3.33,19.65,1.69,8,No,3-Feb,2,32,10,2,1,1,103.61,3419,7,7,Yes
Unsatisfied,77,No,No,0,0,2901,1,0.04,0.13,3,Yes,3-Feb,1,8,3,0,0,0,65.67,591,3,9,No
Unsatisfied,78,No,No,0,0,4473,8,1.57,3.51,8,Yes,3-Feb,1,18,8,0,0,0,30.53,580,1,2,No
Somewhat Satisfied,79,No,No,0,0,21712,1.5,44.93,20.69,2,No,3-Feb,2,17,3,8,8,3,1220.83,21975,,,Yes
Satisfied,80,No,No,0,0,7228,0.25,17.71,24.5,1,Yes,3-Feb,1,6,1,0,0,0,659.43,4616,7,7,No
Unsatisfied,81,No,No,0,0,946,3,0.09,0.99,3,No,3-Feb,1,12,3,0,0,0,7.23,94,0,2,Yes
Unsatisfied,82,Yes,No,0,0,21366,1.67,9.02,4.22,4,Yes,3-Feb,2,18,5,1,1,1,119.47,2270,8,7,Yes
Satisfied,83,No,No,0,0,5046,0.67,1.73,3.42,2,No,3-Feb,1,5,2,0,0,0,209,1254,9,10,No
Somewhat Satisfied,84,No,No,0,0,16143,3,4.77,2.96,6,No,3-Feb,1,14,9,0,0,0,1438.2,21573,3,7,Yes
Satisfied,85,Yes,No,0,0,25872,1.67,1.87,0.72,4,No,3-Feb,3,19,5,0,0,0,268.4,5368,8,Don't know,Yes
Satisfied,86,Yes,No,0,0,10052,0,0,0,0,No,3-Feb,2,2,0,11,6,3,43,129,7,10,No
Satisfied,87,No,No,0,0,71290,1.4,3.56,0.5,4,No,3-Feb,2,21,7,4,1,1,2912.91,64084,7,7,Yes
Somewhat Satisfied,88,Yes,No,1,1,20163,2,10.39,5.15,5,No,3-Feb,4,8,6,0,0,0,1363.56,12272,5,7,No
Somewhat Satisfied,89,Yes,No,0,0,2757,0.33,0.05,0.17,1,No,3-Feb,2,6,1,6,6,3,211,1477,,,No
Unsatisfied,90,No,No,0,0,,1,,,3,Yes,3-Feb,5,6,3,6,3,3,136,952,5,Don't know,No
Satisfied,91,No,No,0,0,31284,2.33,106.71,34.11,5,No,3-Feb,1,28,7,0,0,0,70.17,2035,0,0,Yes
Somewhat Satisfied,92,No,No,0,0,21033,1,0.56,0.27,2,Yes,3-Feb,3,7,3,0,0,0,152.38,1219,,,No
Unsatisfied,93,No,No,0,0,38444,0.5,93.01,24.19,1,Yes,3-Feb,7,14,2,0,0,0,1471,22065,2,10,Yes
Unsatisfied,94,No,No,0,0,25212,5,1.22,0.48,6,No,3-Feb,2,12,10,2,2,2,1318,17134,2,Don't know,Yes
Somewhat Satisfied,95,Yes,No,0,0,14440,2.5,2.34,1.62,3,No,3-Feb,2,11,5,0,0,0,501.17,6014,4,,Yes
Unsatisfied,96,No,No,0,0,377,1,0,0,1,Yes,3-Feb,2,3,1,0,0,0,1.75,7,2,6,No
Unsatisfied,97,Yes,No,0,0,47080,1.2,84.15,17.87,5,No,3-Feb,4,11,6,8,2,2,921.5,11058,0,7,No
Unsatisfied,98,No,No,0,0,39036,3.33,57.75,14.79,10,Yes,3-Feb,2,26,10,1,1,1,738.59,19942,0,0,Yes
Somewhat Satisfied,99,No,No,0,0,17325,2.67,8.94,5.16,7,No,3-Feb,3,14,8,0,0,0,202.8,3042,4,8,Yes
Somewhat Satisfied,100,Yes,No,0,0,14630,4.5,72.93,49.85,8,Yes,3-Feb,15,13,9,0,0,0,839.93,11759,,,No
Unsatisfied,101,Yes,Yes,0,0,43749,2.67,29.43,6.73,4,No,3-Feb,2,16,8,2,1,1,380.35,6466,0,0,Yes
Satisfied,102,No,No,0,0,,0,,,0,No,3-Feb,3,2,0,0,0,0,120.33,361,7,5,No
Unsatisfied,103,No,No,0,0,45450,1.4,1.71,0.38,5,No,3-Feb,1,13,7,7,2,2,1962.57,27476,0,0,No
Somewhat Satisfied,104,Yes,No,2,4,51891,3.67,43.53,8.39,8,No,3-Feb,6,16,11,77,40,3,1982.59,33704,,,No
Unsatisfied,105,Yes,No,0,0,18156,1.33,7.79,4.29,2,Yes,3-Feb,4,5,4,0,0,0,514,3084,3,Don't know,No
Somewhat Satisfied,106,No,No,0,0,11316,0.67,30.26,26.74,1,No,3-Feb,1,4,2,1,1,1,63.6,318,6,Don't know,No
Satisfied,107,Yes,No,0,0,167580,1.67,38.78,2.31,4,No,3-Feb,5,20,10,1,1,1,773.1,16235,7,9,Yes
Somewhat Satisfied,108,Yes,No,0,0,53185,1.6,22.07,4.15,5,Yes,3-Feb,2,18,8,8,2,2,4145.53,78765,,,No
Unsatisfied,109,No,No,0,0,32115,3,6,1.87,6,No,3-Feb,3,20,9,1,1,1,1637.05,34378,4,8,Yes
Satisfied,110,Yes,No,0,0,66609,3,16.65,2.5,4,No,3-Feb,1,16,9,0,0,0,23,391,4,9,Yes
Somewhat Satisfied,111,Yes,No,0,0,25710,3,16.89,6.57,5,No,3-Feb,15,22,6,8,8,3,467.17,10745,6,6,Yes
Satisfied,112,No,No,0,0,15824,1.5,0.87,0.55,3,No,3-Feb,15,11,3,2,2,2,1009.5,12114,10,10,Yes
Unsatisfied,113,No,No,1,3,30831,2,17.97,5.83,4,Yes,3-Feb,1,11,6,2,1,1,1732.67,20792,1,1,No
Unsatisfied,114,No,No,1,3,30123,1,4.09,1.36,3,No,3-Feb,1,10,3,2,1,1,48.91,538,3,Don't know,No
Somewhat Satisfied,115,Yes,No,0,0,10544,7,49.61,47.05,7,No,3-Feb,2,13,7,0,0,0,76,1064,,,No
Satisfied,116,No,No,1,2,15162,0.33,0.87,0.57,1,No,3-Feb,1,9,1,2,1,1,5664.9,56649,5,8,Yes
Unsatisfied,117,No,Yes,0,0,45654,1.67,1.18,0.26,5,Yes,3-Feb,1,21,5,2,1,1,15.45,340,6,4,Yes
Satisfied,118,No,No,2,5,99699,3.33,6.55,0.66,7,No,3-Feb,1,30,10,2,1,1,360.16,11165,6,6,Yes
Satisfied,119,No,No,0,0,159,1,0.03,1.58,1,No,3-Feb,2,4,1,0,0,0,4.2,21,1,Don't know,Yes
Unsatisfied,120,No,No,0,0,7186,6,0.79,1.1,6,Yes,3-Feb,1,13,6,0,0,0,133.21,1865,0,7,No
Unsatisfied,121,No,No,0,0,6566,2,1.09,1.65,2,No,3-Feb,3,10,2,0,0,0,28.18,310,2,2,No
Satisfied,122,No,No,1,2,18462,1.33,20.92,11.33,4,No,3-Feb,2,10,4,5,3,3,196.36,2160,6,Don't know,No
Satisfied,123,No,No,0,0,3108,0,0.4,1.3,0,No,3-Feb,4,5,0,0,0,0,81.5,489,7,7,No
Unsatisfied,124,No,No,0,0,25104,2,3.4,1.35,5,Yes,3-Feb,1,14,6,4,2,2,1357.93,20369,0,0,Yes
Somewhat Satisfied,125,No,No,0,0,57291,3,36.63,6.39,9,Yes,3-Feb,2,20,9,0,0,0,3488.76,73264,5,5,Yes
Unsatisfied,126,No,No,0,0,56740,1.6,29.25,5.15,5,Yes,3-Feb,2,29,8,8,2,2,95.2,2856,8,10,No
Unsatisfied,127,No,Yes,0,0,10474,1,11.43,10.92,2,Yes,3-Feb,15,14,2,0,0,0,1412.27,21184,7,,No
Satisfied,128,No,No,0,0,29754,3.33,137.05,46.06,7,Yes,3-Feb,3,19,10,0,0,0,145.4,2908,8,6,Yes
Satisfied,129,No,No,0,0,21980,0.5,3.6,1.64,1,No,3-Feb,3,9,2,3,1,1,81.8,818,0,5,Yes
Satisfied,130,Yes,No,0,0,27738,1,21.43,7.73,2,No,3-Feb,2,14,3,8,4,3,129,1935,9,8,No
Unsatisfied,131,Yes,No,0,0,40857,3.67,39.9,9.77,7,Yes,3-Feb,1,14,11,0,0,0,497.13,7457,7,Don't know,No
Unsatisfied,132,No,No,2,5,12657,0.67,0,0,2,No,3-Feb,3,7,2,0,0,0,696.63,5573,0,1,No
Unsatisfied,133,No,Yes,2,4,75378,1,226.68,30.07,2,No,3-Feb,4,16,3,2,1,1,80.88,1375,7,Don't know,Yes
Somewhat Satisfied,134,No,No,0,0,102879,4,2.01,0.2,7,No,3-Feb,1,17,12,0,0,0,1477.17,26589,8,8,Yes
Somewhat Satisfied,135,No,No,0,0,28095,2.33,1.01,0.36,3,No,3-Feb,1,13,7,0,0,0,233.07,3263,10,10,No
Unsatisfied,136,No,No,0,0,26370,3,5.59,2.12,5,Yes,3-Feb,2,14,9,0,0,0,2294.6,34419,0,0,No
Satisfied,137,No,No,1,3,25947,2.67,10.97,4.23,3,No,3-Feb,1,16,8,0,0,0,662.53,11263,4,Don't know,No
Somewhat Satisfied,138,Yes,No,0,0,7665,0.67,14.47,18.88,2,No,3-Feb,2,5,2,2,1,1,405.83,2435,8,1,No
Satisfied,139,No,No,0,0,87675,2,4.41,0.5,5,No,3-Feb,2,18,6,0,0,0,45,855,1,3,Yes
Somewhat Satisfied,140,No,No,0,0,9240,1.33,0.27,0.29,4,No,3-Feb,6,6,4,0,0,0,27.57,193,5,7,Yes
Satisfied,141,Yes,No,0,0,32445,2,11.28,3.48,3,Yes,3-Feb,1,16,6,0,0,0,93.24,1585,8,8,Yes
Somewhat Satisfied,142,No,No,0,0,1680,2,0.46,2.72,3,Yes,3-Feb,2,5,6,0,0,0,303.83,1823,6,5,No
Unsatisfied,143,,,,,,,,,,No,3-Feb,15,,,0,0,0,9841,9841,1,0,No
Unsatisfied,144,Yes,Yes,0,0,17175,2.33,6.75,3.93,6,Yes,3-Feb,2,13,7,32,17,3,464.64,6505,4,0,Yes
Somewhat Satisfied,145,No,No,0,0,19869,2,41.92,21.1,6,No,3-Feb,4,17,6,0,0,0,485.61,8741,3,6,Yes
Somewhat Satisfied,146,Yes,No,2,5,12981,1.67,11.92,9.18,4,No,3-Feb,1,10,5,0,0,0,57.73,635,,,No
Somewhat Satisfied,147,No,No,0,0,22182,1,1.24,0.56,3,Yes,3-Feb,1,13,3,6,3,3,721.29,10098,6,8,No
Unsatisfied,148,No,No,2,6,25773,2.67,3.97,1.54,5,Yes,3-Feb,1,14,8,2,1,1,57.8,867,7,3,Yes
Unsatisfied,149,No,No,0,0,,0,,,0,No,3-Feb,15,0,0,0,0,0,9841,9841,2,1,No
Unsatisfied,150,No,No,0,0,91413,1.67,115.14,12.6,4,No,3-Feb,2,21,5,0,0,0,832.45,18314,3,3,Yes
Satisfied,151,No,No,0,0,29250,0.67,3.64,1.25,1,No,3-Feb,1,12,2,0,0,0,2796.38,36353,10,Don't know,Yes
Unsatisfied,152,No,No,0,0,47778,0.67,18.63,3.9,2,No,3-Feb,2,23,2,2,1,1,1782.88,42789,0,0,Yes
Satisfied,153,No,No,0,0,30249,1,3.51,1.16,3,No,3-Feb,5,10,3,6,4,3,1634.64,17981,7,4,Yes
Satisfied,154,No,No,0,0,14109,1.67,13.07,9.27,3,Yes,3-Feb,3,9,5,0,0,0,92.9,929,6,7,Yes
Unsatisfied,155,No,Yes,0,0,7668,6,3.52,4.59,6,No,3-Feb,1,11,12,2,2,2,400.92,4811,2,Don't know,No
Satisfied,156,No,No,0,0,8973,0.33,0.23,0.25,1,No,3-Feb,1,4,1,0,0,0,846,4230,8,9,No
Satisfied,157,No,No,0,0,7389,0.67,1.38,1.87,1,No,3-Feb,1,5,2,0,0,0,87.67,526,1,1,Yes
Satisfied,158,No,No,0,0,37408,2.25,17.49,4.68,4,No,3-Feb,2,22,9,0,0,0,270.04,6211,10,10,Yes
Unsatisfied,159,No,No,0,0,2662,3,1.02,3.83,3,Yes,3-Feb,16,12,3,0,0,0,871.23,11326,0,0,No
Unsatisfied,160,No,No,0,0,61470,1.8,12.68,2.06,9,No,3-Feb,2,21,9,4,1,1,4120.27,90646,6,9,Yes
Unsatisfied,161,No,No,0,0,46437,0.33,103.89,22.37,1,No,3-Feb,4,13,1,0,0,0,105.36,1475,5,7,Yes
Satisfied,162,Yes,No,0,0,31140,2,21.37,6.86,4,No,3-Feb,3,10,6,2,2,2,90.27,993,8,7,No
Somewhat Satisfied,163,No,No,0,0,52554,2.67,20.82,3.96,4,No,3-Feb,1,25,8,0,0,0,258.77,6728,0,3,Yes
Satisfied,164,No,No,0,0,30825,2,4.72,1.53,6,Yes,3-Feb,1,27,6,0,0,0,70.57,1976,7,8,Yes
Satisfied,165,No,No,0,0,55599,1,60,10.79,2,No,3-Feb,4,11,3,0,0,0,83.5,1002,5,9,No
Unsatisfied,166,No,No,0,0,41391,1.33,0,0,2,No,3-Feb,3,9,4,2,1,1,82.9,829,0,0,Yes
Unsatisfied,167,No,No,0,0,20835,1,0.86,0.41,2,No,3-Feb,1,14,3,0,0,0,245.87,3688,4,8,No
Satisfied,168,No,No,0,0,10724,0.25,16.86,15.72,1,No,3-Feb,5,5,1,6,3,3,1960.17,11761,5,5,No
Unsatisfied,169,No,No,0,0,11676,5,0.97,0.83,10,Yes,3-Feb,15,14,10,0,0,0,830.07,12451,2,4,No
Unsatisfied,170,Yes,No,4+,52,3360,0.75,0.8,2.37,2,No,3-Feb,1,8,3,30,11,3,343.22,3089,0,1,Yes
Somewhat Satisfied,171,No,No,2,5,33303,2,0.22,0.07,5,Yes,3-Feb,1,12,6,2,1,1,951.08,12364,4,Don't know,Yes
Unsatisfied,172,Yes,No,0,0,39684,2.67,31.88,8.03,6,No,3-Feb,1,22,8,2,1,1,68.87,1584,3,8,Yes
Unsatisfied,173,No,No,0,0,20490,3,193.69,94.52,5,No,3-Feb,1,18,6,0,0,0,127,2413,1,3,No
Satisfied,174,No,No,0,0,6577,4,3.93,5.97,4,Yes,3-Feb,2,8,4,0,0,0,5.44,49,10,10,No
Satisfied,175,No,No,0,0,73386,1.17,1.66,0.23,4,Yes,3-Feb,4,13,7,0,0,0,35.07,491,3,9,Yes
Satisfied,176,No,No,0,0,37113,2.67,6.23,1.68,6,No,3-Feb,1,12,8,5,3,3,2498.69,32483,5,0,Yes
Satisfied,177,No,No,0,0,16767,0.67,0.66,0.39,1,No,3-Feb,1,15,2,4,2,2,104.44,1671,6,8,Yes
Somewhat Satisfied,178,No,No,0,0,16293,0.67,15.11,9.28,1,No,3-Feb,2,14,2,1,1,1,262.6,3939,3,5,Yes
Unsatisfied,179,No,No,1,3,5400,0.67,0.07,0.14,2,No,3-Feb,2,11,2,1,1,1,401.25,4815,3,5,No
Satisfied,180,No,No,0,0,1167,0.67,1.28,10.98,2,No,3-Feb,1,4,2,0,0,0,7.6,38,5,10,No
Unsatisfied,181,Yes,No,2,6,30411,3,60.63,19.94,5,No,3-Feb,1,15,9,67,34,3,2862.13,45794,10,5,Yes
Somewhat Satisfied,182,Yes,No,0,0,5100,0.33,4.35,8.52,1,No,3-Feb,1,6,1,0,0,0,70.43,493,Don't know,0,No
Satisfied,183,No,No,0,0,30759,1.67,14.48,4.71,3,No,3-Feb,2,13,5,0,0,0,208.21,2915,0,8,Yes
Unsatisfied,184,No,No,0,0,32142,2.67,124.18,38.63,4,No,3-Feb,1,16,8,2,1,1,5699.47,96891,5,5,Yes
Satisfied,185,No,No,0,0,8334,1,0,0,2,No,3-Feb,1,6,3,0,0,0,26.71,187,8,10,No
Satisfied,186,No,No,0,0,4341,1,0,0,2,No,3-Feb,2,4,3,0,0,0,651.6,3258,8,9,No
Somewhat Satisfied,187,No,No,3,5,9465,1.67,31.12,32.87,3,No,3-Feb,2,9,5,0,0,0,97.9,979,5,7,Yes
Unsatisfied,188,No,Yes,0,0,86798,5,408.81,47.1,7,No,3-Feb,15,27,10,1,1,1,538.75,15085,8,7,Yes
Satisfied,189,No,No,0,0,18648,1.67,1.33,0.71,3,No,3-Feb,5,7,5,0,0,0,95,760,1,8,No
Satisfied,190,Yes,No,0,0,58446,2.33,97.87,16.75,6,No,3-Feb,1,15,7,2,1,1,297.81,4765,9,9,Yes
Unsatisfied,191,No,No,0,0,26238,1,5.28,2.01,3,No,3-Feb,2,7,3,4,2,2,431.88,3455,6,8,Yes
Somewhat Satisfied,192,No,No,0,0,43064,1.25,16.08,3.73,2,No,3-Feb,4,14,5,2,2,2,976.27,14644,,,No
Unsatisfied,193,Yes,No,0,0,18483,1.33,381.45,206.37,4,No,3-Feb,6,18,4,34,18,3,195.37,3712,2,Don't know,Yes
Satisfied,194,No,Yes,0,0,12876,0.33,8.32,6.46,1,No,3-Feb,2,7,1,0,0,0,569,4552,10,Don't know,Yes
Somewhat Satisfied,195,No,No,0,0,61380,1.5,23.05,3.76,3,No,3-Feb,2,13,6,0,0,0,533.29,7466,3,3,Yes
Satisfied,196,Yes,Yes,2,6,14373,3.67,46.6,32.42,4,Yes,3-Feb,6,9,11,0,0,0,417.7,4177,6,10,No
Unsatisfied,197,No,No,0,0,3952,2,0.77,1.94,2,No,3-Feb,3,8,2,0,0,0,21.11,190,2,3,Yes
Satisfied,198,No,No,0,0,26028,1.25,0.95,0.37,4,No,3-Feb,1,10,5,2,1,1,103.36,1137,5,10,No
Unsatisfied,199,Yes,No,3,5,13124,2,23.54,17.94,2,No,3-Feb,1,13,4,1,1,1,149.57,2094,6,5,Yes
Satisfied,200,No,No,0,0,27164,1,3.22,1.19,2,No,3-Feb,1,11,4,0,0,0,65.17,782,8,7,No
Unsatisfied,201,No,Yes,0,0,56226,1,22.82,4.06,3,No,3-Feb,1,13,3,0,0,0,0,0,6,,Yes
Satisfied,202,Yes,No,0,0,3345,0.67,0,0,2,No,3-Feb,16,4,2,0,0,0,2293.6,11468,8,8,No
Unsatisfied,203,No,No,0,0,51234,4.33,16.28,3.18,12,Yes,3-Feb,4,23,13,0,0,0,1730,41520,5,5,Yes
Somewhat Satisfied,204,No,No,0,0,9244,5,0.03,0.03,5,No,3-Feb,15,23,5,0,0,0,438.75,10530,0,0,Yes
Somewhat Satisfied,205,No,No,0,0,27327,2.67,32.54,11.91,5,No,3-Feb,1,10,8,1,1,1,1386.55,15252,2,5,Yes
Somewhat Satisfied,206,,,,,,,,,,No,3-Feb,15,,,0,0,0,9841,9841,6,Don't know,No
Unsatisfied,207,No,No,0,0,15435,2.33,13.11,8.49,6,Yes,3-Feb,3,19,7,4,2,2,7319.5,146390,4,9,No
Satisfied,208,No,No,0,0,32157,2.33,2.36,0.73,6,No,3-Feb,4,14,7,0,0,0,338.53,5078,8,7,No
Unsatisfied,209,No,No,0,0,10782,0,0.3,0.28,0,No,3-Feb,1,5,0,0,0,0,1290.33,7742,8,5,No
Unsatisfied,210,No,No,0,0,10533,2,3.29,3.13,5,No,3-Feb,2,12,6,0,0,0,223.92,2911,0,0,No
Somewhat Satisfied,211,Yes,No,0,0,3038,0.33,6.31,20.76,1,No,3-Feb,2,6,1,0,0,0,574.14,4019,,,No
Somewhat Satisfied,212,No,No,2,11,22464,0.17,0.5,0.22,1,No,3-Feb,5,7,1,6,4,3,1050.88,8407,,,No
Unsatisfied,213,No,No,4+,9,13146,1.33,4.69,3.57,4,Yes,3-Feb,2,9,4,1,1,1,19.7,197,10,10,No
Unsatisfied,214,No,No,1,1,,0,,,0,No,3-Feb,17,0,0,0,0,0,9841,9841,0,0,No
Satisfied,215,No,No,0,0,4335,0.67,2.37,5.46,1,No,3-Feb,1,5,2,0,0,0,1159.17,6955,5,4,Yes
Satisfied,216,No,No,0,0,23838,1.33,0.68,0.29,4,Yes,3-Feb,3,15,4,0,0,0,58.75,940,7,7,Yes
Unsatisfied,217,No,No,0,0,52131,4,21.64,4.15,11,No,3-Feb,1,18,12,0,0,0,10.21,194,8,8,No
Somewhat Satisfied,218,No,No,0,0,27152,0,5.28,1.94,0,No,3-Feb,1,9,0,3,1,1,5203.8,52038,5,Don't know,Yes
Unsatisfied,219,Yes,No,0,0,34762,5,62.5,17.98,8,Yes,3-Feb,1,14,15,0,0,0,1205.2,18078,2,0,Yes
Somewhat Satisfied,220,,,,,,,,,,No,3-Feb,15,,,0,0,0,9841,9841,Don't know,Don't know,No
Satisfied,221,No,No,0,0,7254,1,4.41,6.07,3,No,3-Feb,15,7,3,1,1,1,2309.38,18475,6,6,No
Somewhat Satisfied,222,No,No,1,2,16415,0,5.29,3.22,0,No,3-Feb,16,2,0,2,2,2,3345.67,10037,,,Yes
Satisfied,223,No,No,0,0,8739,0.67,0,0,2,No,3-Feb,5,4,2,0,0,0,172.6,863,4,Don't know,No
Unsatisfied,224,No,No,1,1,12015,5,12.7,10.57,9,Yes,3-Feb,1,16,15,2,2,2,343.06,5832,2,8,No
Satisfied,225,No,No,1,2,29376,1.33,7.73,2.63,4,Yes,3-Feb,3,19,4,0,0,0,98.25,1965,7,5,Yes
Somewhat Satisfied,226,No,No,0,0,25719,0.67,0.88,0.34,1,No,3-Feb,4,9,2,2,1,1,3749.3,37493,,,Yes
Unsatisfied,227,No,Yes,4+,15,10107,0.67,70.48,69.73,2,Yes,3-Feb,6,7,2,2,1,1,35.63,285,1,2,Yes
Somewhat Satisfied,228,No,No,0,0,11108,0.5,5.19,4.67,1,No,3-Feb,2,12,2,7,3,3,203.15,2641,3,Don't know,Yes
Unsatisfied,229,No,No,0,0,48340,3.67,0.53,0.11,7,Yes,1,0,14,11,0,0,0,48.13,722,3,2,Yes
Somewhat Satisfied,230,No,Yes,2,4,70326,1,5.56,0.79,1,No,1,0,35,3,1,1,1,241.97,8711,0,,Yes
Satisfied,231,No,No,2,4,9327,1,2.38,2.55,1,No,1,0,3,3,1,1,1,2210.5,8842,9,10,No
Satisfied,232,No,No,0,0,11034,0.67,1.34,1.21,1,No,1,0,4,2,0,0,0,202.6,1013,9,Don't know,Yes
Unsatisfied,233,No,No,0,0,11739,8,0.62,0.53,8,Yes,1,0,15,8,0,0,0,523.13,8370,2,2,No
Unsatisfied,234,No,No,3,3,1215,0,0.01,0.1,0,No,1,0,6,0,0,0,0,66.57,466,1,0,No
Somewhat Satisfied,235,No,No,1,3,72951,0.67,3.41,0.47,2,No,1,0,15,2,0,0,0,565.5,9048,6,5,Yes
Satisfied,236,No,No,0,0,28224,0.67,2.06,0.73,2,No,1,0,7,2,0,0,0,203.5,1628,10,Don't know,Yes
Satisfied,237,No,No,3,7,29211,0.33,2.26,0.77,1,No,1,0,6,1,0,0,0,11.71,82,4,7,No
Satisfied,238,No,Yes,0,0,48864,0.5,6.19,1.27,1,No,1,0,14,2,0,0,0,483.73,7256,7,8,Yes
Satisfied,239,No,No,0,0,42690,2,194.26,45.5,3,Yes,1,0,11,6,0,0,0,4883.33,58600,2,5,No
Satisfied,240,No,No,1,1,35080,1,2.36,0.67,3,No,1,0,8,4,1,1,1,289.89,2609,5,4,Yes
Satisfied,241,No,Yes,0,0,4563,0,0.37,0.8,0,No,1,0,13,0,0,0,0,613.14,8584,10,Don't know,No
Somewhat Satisfied,242,No,No,0,0,15432,0.17,3.44,2.23,1,No,1,0,5,1,0,0,0,2957.83,17747,,,No
Satisfied,243,No,No,0,0,22902,1.67,1.1,0.48,4,No,1,0,8,5,0,0,0,373.11,3358,5,8,No
Somewhat Satisfied,244,No,No,2,4,22545,0.33,1.12,0.5,1,No,1,0,9,1,0,0,0,561.9,5619,5,8,Yes
Unsatisfied,245,No,No,0,0,8013,1,0.77,0.97,3,No,1,0,11,3,0,0,0,329,3948,5,3,No
Somewhat Satisfied,246,No,No,0,0,17796,0.33,0.91,0.51,1,No,1,0,5,1,0,0,0,72.5,435,,,No
Somewhat Satisfied,247,No,No,0,0,3344,4,0.27,0.8,4,No,1,0,12,4,0,0,0,21.85,284,,,No
Unsatisfied,248,No,No,2,2,19690,0,0.02,0.01,0,No,1,0,8,0,0,0,0,27,243,7,,No
Satisfied,249,No,No,0,0,18270,1.33,1.99,1.09,2,No,1,0,8,4,0,0,0,1427.67,12849,8,5,Yes
Somewhat Satisfied,250,Yes,No,0,0,10506,0,3.46,3.3,0,No,1,0,6,0,1,1,1,75.86,531,8,5,No
Unsatisfied,251,No,No,0,0,5531,2,0.17,0.3,2,No,1,0,7,2,0,0,0,596.5,4772,2,0,Yes
Somewhat Satisfied,252,No,No,0,0,27768,0,7.55,2.72,0,No,1,0,9,0,0,0,0,747.5,7475,10,5,Yes
Unsatisfied,253,No,No,1,1,466,3,0.09,1.86,3,Yes,1,0,4,3,0,0,0,981.6,4908,0,0,No
Satisfied,254,No,No,0,0,2119,2,1.33,6.25,2,No,1,0,5,2,0,0,0,8.67,52,Don't know,Don't know,No
Unsatisfied,255,No,No,1,3,37104,0.67,1.53,0.41,2,No,1,0,14,2,2,1,1,2386.8,35802,8,3,Yes
Unsatisfied,256,No,No,0,0,147,0,0.21,13.93,0,No,1,0,2,0,0,0,0,2.33,7,8,3,Yes
Unsatisfied,257,No,Yes,0,0,12468,0.5,2.68,2.15,1,No,1,0,3,1,0,0,0,39.25,157,0,0,No
Satisfied,258,No,No,0,0,8236,0.75,1.08,1.31,2,No,1,0,5,3,1,1,1,730.33,4382,10,Don't know,No
Unsatisfied,259,No,No,1,2,19698,4,2.9,1.47,4,No,1,0,12,8,1,1,1,2466.46,32064,0,0,No
Somewhat Satisfied,260,No,No,2,4,66447,1,1.54,0.23,3,No,1,0,14,3,0,0,0,1960.27,29404,7,5,No
Satisfied,261,No,No,0,0,59226,0.67,5.54,0.94,2,No,1,0,12,2,0,0,0,2830.92,36802,8,Don't know,Yes
Somewhat Satisfied,262,No,Yes,0,0,8601,0.33,4.55,5.28,1,No,1,0,6,1,0,0,0,642.71,4499,7,Don't know,No
Satisfied,263,No,Yes,0,0,39468,1,2.2,0.56,1,No,1,0,17,3,0,0,0,369.44,6650,7,5,Yes
Satisfied,264,No,No,0,0,2765,3,0.34,1.24,3,No,1,0,5,3,0,0,0,69.5,417,10,10,No
Satisfied,265,No,No,2,5,14493,2,1,0.69,4,No,1,0,8,6,0,0,0,344.78,3103,7,6,No
Somewhat Satisfied,266,No,No,1,3,58044,0,5.34,0.92,0,No,1,0,11,0,2,1,1,2813.17,33758,7,4,No
Somewhat Satisfied,267,No,No,0,0,31206,0,0.23,0.07,0,No,1,0,11,0,0,0,0,363.42,4361,1,4,Yes
Satisfied,268,No,No,0,0,20148,1.67,2.24,1.11,3,No,1,0,7,5,0,0,0,956.63,7653,6,Don't know,No
Satisfied,269,No,No,0,0,3151,0,0,0,0,No,1,0,3,0,0,0,0,,,4,Don't know,No
Somewhat Satisfied,270,No,No,0,0,27363,3,34.23,12.51,5,No,1,0,28,9,0,0,0,63.21,1833,7,10,Yes
Somewhat Satisfied,271,Yes,No,0,0,11639,2,0.01,0.01,2,No,1,0,8,2,0,0,0,112.78,1015,7,3,Yes
Somewhat Satisfied,272,No,No,0,0,57078,0.67,2.31,0.4,2,No,1,0,11,2,0,0,0,770.08,9241,7,6,Yes
Somewhat Satisfied,273,No,No,0,0,6281,3,1.33,2.12,3,No,1,0,10,3,0,0,0,8.82,97,9,9,No
Unsatisfied,274,No,No,0,0,5367,0.67,0.54,1,1,No,1,0,8,2,0,0,0,29.89,269,1,Don't know,No
Somewhat Satisfied,275,Yes,No,0,0,6738,1,0,0,3,No,1,0,6,3,0,0,0,44.71,313,,,No
Satisfied,276,No,Yes,0,0,8696,2,7.89,9.08,4,Yes,1,0,10,4,0,0,0,177.55,1953,1,2,No
Satisfied,277,Yes,No,0,0,23708,1.25,6.17,2.6,3,Yes,1,0,10,5,0,0,0,26.09,287,8,Don't know,Yes
Satisfied,278,Yes,No,0,0,14607,1.67,20.86,14.28,2,Yes,1,0,10,5,0,0,0,54.91,604,5,9,No
Unsatisfied,279,No,No,0,0,10888,9,17,15.61,9,Yes,1,0,16,9,0,0,0,33.53,570,0,10,No
Somewhat Satisfied,280,Yes,No,0,0,212,1,4.15,194.67,2,No,1,0,2,2,0,0,0,8,24,Don't know,Don't know,No
Unsatisfied,281,No,No,0,0,18315,0.33,3.17,1.73,1,No,1,0,10,1,0,0,0,230.73,2538,4,2,Yes
Somewhat Satisfied,282,No,No,0,0,15428,1.75,2.19,1.42,5,Yes,1,0,16,7,0,0,0,1431.12,24329,5,3,No
Satisfied,283,No,No,0,0,12360,2.67,6.72,5.44,5,No,1,0,13,8,1,1,1,406.21,5687,3,Don't know,Yes
Satisfied,284,No,No,0,0,66788,0.75,8,1.2,2,No,1,0,14,3,0,0,0,191.87,2878,3,0,No
Satisfied,285,Yes,No,3,9,17010,1.67,0.17,0.1,4,No,1,0,10,5,0,0,0,22.45,247,5,4,No
Unsatisfied,286,No,No,0,0,19200,2,3.53,1.84,5,Yes,1,0,12,6,2,1,1,244.54,3179,5,0,Yes
Unsatisfied,287,No,No,1,3,45579,1.33,7.36,1.61,3,Yes,1,0,16,4,3,2,2,157.06,2670,9,5,No
Somewhat Satisfied,288,Yes,No,0,0,3747,1.67,1.15,3.08,3,No,1,0,7,5,0,0,0,629.25,5034,,,No
Satisfied,289,No,No,0,0,12726,2,0.68,0.53,5,No,1,0,8,6,0,0,0,114.44,1030,8,8,No
Unsatisfied,290,No,No,0,0,5563,5,0.12,0.21,5,No,1,0,20,5,0,0,0,16.71,351,0,0,No
Unsatisfied,291,Yes,No,0,0,7398,0.67,0.75,1.01,2,No,1,0,4,2,0,0,0,14.4,72,0,2,No
Somewhat Satisfied,292,No,No,0,0,1469,0.5,0,0,1,No,1,0,1,2,0,0,0,500,1000,,,No
Somewhat Satisfied,293,No,No,0,0,36684,1,7.48,2.04,2,No,1,0,12,3,0,0,0,89.31,1161,9,5,No
Unsatisfied,294,No,No,0,0,2687,2,7.76,28.87,2,No,1,0,10,2,0,0,0,43.64,480,3,3,Yes
Somewhat Satisfied,295,No,No,0,0,27787,2.33,42.39,15.25,4,Yes,1,0,12,7,3,3,3,74.38,967,7,Don't know,No
Somewhat Satisfied,296,No,No,0,0,13443,3.33,9.94,7.39,8,No,1,0,18,10,0,0,0,17.53,333,6,0,Yes
Satisfied,297,No,No,0,0,5757,0.67,0.51,0.89,2,No,1,0,9,2,0,0,0,308.8,3088,10,10,No
Somewhat Satisfied,298,No,No,1,1,6759,5,0.91,1.34,5,No,1,0,14,5,0,0,0,,,6,3,Yes
Somewhat Satisfied,299,No,No,0,0,6500,2,38.14,58.67,4,Yes,1,0,8,4,0,0,0,222.89,2006,,,No
Somewhat Satisfied,300,No,No,0,0,35436,0.33,1.07,0.3,1,No,1,0,7,1,0,0,0,489.5,3916,4,4,No
Satisfied,301,No,No,0,0,1566,2,0,0,2,No,1,0,11,2,0,0,0,4,48,8,8,Yes
Satisfied,302,No,No,0,0,22881,0.67,5.8,2.54,2,No,1,0,4,2,0,0,0,101.6,508,8,Don't know,Yes
Unsatisfied,303,Yes,No,0,0,11529,1.67,26.59,23.07,2,No,1,0,10,5,0,0,0,997.45,10972,5,5,No
Unsatisfied,304,No,No,0,0,10617,1.33,0.15,0.14,4,No,1,0,10,4,0,0,0,4550.09,50051,10,10,No
Unsatisfied,305,No,No,0,0,105535,1.4,84.28,7.99,4,No,1,0,16,7,0,0,0,216.53,3681,2,Don't know,Yes
Somewhat Satisfied,306,No,No,0,0,44166,1,20.72,4.69,3,No,1,0,12,3,0,0,0,47,611,,,No
Unsatisfied,307,No,Yes,1,3,25228,2.75,542.05,214.85,7,Yes,1,0,15,11,3,1,1,163.94,2623,5,2,No
Satisfied,308,No,No,0,0,36015,0.67,5.16,1.43,2,No,1,0,15,2,0,0,0,33.06,529,6,9,Yes
Satisfied,309,Yes,No,0,0,7434,0.33,0.57,0.76,1,No,1,0,6,1,0,0,0,87.86,615,9,9,No
Somewhat Satisfied,310,No,No,0,0,25848,2,2.97,1.15,4,Yes,1,0,8,6,0,0,0,59.78,538,7,Don't know,Yes
Somewhat Satisfied,311,No,No,0,0,14049,0.33,0.2,0.14,1,No,1,0,9,1,0,0,0,394.8,3948,,,Yes
Somewhat Satisfied,312,No,No,0,0,27090,2.67,41.27,15.23,4,No,1,0,15,8,0,0,0,186.19,2979,8,7,No
Somewhat Satisfied,313,Yes,No,0,0,30003,1.67,30.48,10.16,5,No,1,0,14,5,0,0,0,580.6,8709,,,No
Satisfied,314,No,No,0,0,4248,0.67,0.15,0.36,1,Yes,1,0,5,2,0,0,0,52.5,315,9,9,No
Satisfied,315,No,No,0,0,8580,0.67,0,0,1,No,1,0,7,2,0,0,0,920,7360,8,Don't know,No
Unsatisfied,316,Yes,No,0,0,557,4,10,179.2,4,Yes,1,0,12,4,0,0,0,,,2,5,Yes
Satisfied,317,No,Yes,0,0,5745,0.67,0.1,0.17,1,No,1,0,7,2,0,0,0,32.75,262,5,,Yes
Satisfied,318,No,No,0,0,11991,2.33,3.4,2.84,7,Yes,1,0,11,7,0,0,0,76.08,913,10,6,No
Unsatisfied,319,No,No,1,2,18075,3,16.87,9.34,6,No,1,0,12,9,1,1,1,1724.38,22417,1,0,No
Somewhat Satisfied,320,No,No,0,0,10599,0.67,11.38,10.73,2,No,1,0,9,2,0,0,0,61.3,613,6,5,Yes
Unsatisfied,321,No,No,0,0,53076,5,18.39,3.46,7,Yes,1,0,13,15,0,0,0,98.93,1385,Don't know,7,No
Somewhat Satisfied,322,No,No,0,0,17942,3,3.14,1.75,5,No,1,0,9,6,0,0,0,611.5,6115,7,Don't know,No
Somewhat Satisfied,323,No,No,0,0,9420,1,4.93,5.24,2,No,1,0,7,3,0,0,0,33.13,265,,,No
Somewhat Satisfied,324,Yes,No,0,0,27506,3.5,1.31,0.48,7,Yes,1,0,9,7,0,0,0,76,760,0,0,No
Somewhat Satisfied,325,No,No,0,0,26022,6,9.47,3.64,9,Yes,1,0,17,18,0,0,0,692.28,12461,7,9,Yes
Somewhat Satisfied,326,Yes,No,0,0,37890,0.67,6.55,1.73,2,No,1,0,9,2,0,0,0,85.7,857,,,No
Unsatisfied,327,No,No,0,0,1998,6,0.27,1.35,6,Yes,1,0,10,6,0,0,0,204.91,2254,0,0,Yes
Unsatisfied,328,No,No,0,0,59690,3.5,65.39,10.95,7,Yes,1,0,35,7,0,0,0,87.89,3164,7,8,Yes
Satisfied,329,No,No,0,0,468,0.33,0,0,1,No,1,0,3,1,0,0,0,12.5,50,0,Don't know,No
Unsatisfied,330,Yes,No,0,0,3390,2.5,0.98,2.9,4,Yes,1,0,10,5,0,0,0,70.18,772,4,5,No
Somewhat Satisfied,331,No,Yes,0,0,8982,0.67,1314.56,1463.39,2,No,1,0,25,2,1,1,1,116.35,3025,7,8,Yes
Somewhat Satisfied,332,No,Yes,0,0,21660,2,7.43,3.43,3,No,1,0,8,4,0,0,0,5888.22,52994,5,5,No
Unsatisfied,333,Yes,No,0,0,12813,1.33,0,0,4,Yes,1,0,8,4,0,0,0,41.67,375,6,8,No
Somewhat Satisfied,334,No,No,0,0,32124,1.67,0.42,0.13,2,No,1,0,9,5,0,0,0,203.9,2039,,,No
Unsatisfied,335,No,No,0,0,62124,2.5,0.83,0.13,9,No,1,0,26,10,0,0,0,1445.22,39021,8,8,Yes
Satisfied,336,No,No,0,0,12462,1.67,0,0,2,No,1,0,9,5,0,0,0,2144.6,21446,10,8,Yes
Satisfied,337,Yes,No,0,0,80895,0.8,12.27,1.52,3,No,1,0,20,4,61,16,3,177.05,3718,1,3,Yes
Unsatisfied,338,No,No,0,0,56574,0,39.72,7.02,0,No,1,0,15,0,0,0,0,1692.69,27083,9,7,Yes
Unsatisfied,339,No,No,0,0,14334,0.33,0.87,0.61,1,No,1,0,10,1,0,0,0,65.36,719,6,5,No
Satisfied,340,No,No,0,0,9558,8,5.11,5.34,8,Yes,1,0,13,8,0,0,0,24.07,337,8,Don't know,No
Somewhat Satisfied,341,Yes,No,0,0,30951,5,5.77,1.86,8,Yes,1,0,15,15,1,1,1,185.94,2975,3,9,Yes
Satisfied,342,No,No,0,0,4230,1,14.66,34.66,1,Yes,1,0,11,2,0,0,0,137.92,1655,6,5,Yes
Unsatisfied,343,No,No,0,0,,0,,,0,No,1,0,0,0,0,0,0,,,9,7,No
Satisfied,344,No,No,0,0,16476,1,2.85,1.73,3,No,1,0,15,3,2,1,1,37.75,604,0,Don't know,No
Somewhat Satisfied,345,No,No,0,0,25785,0.67,0.04,0.02,2,No,1,0,8,2,0,0,0,244.44,2200,3,3,Yes
Somewhat Satisfied,346,No,No,0,0,10704,1.33,7.7,7.2,2,No,1,0,9,4,0,0,0,906.4,9064,9,6,Yes
Somewhat Satisfied,347,No,No,0,0,4104,0.75,0.14,0.33,3,No,1,0,6,3,0,0,0,41.57,291,7,8,No
Satisfied,348,No,No,0,0,26476,3.5,11.18,4.22,6,Yes,1,0,17,7,0,0,0,78.33,1410,7,8,No
Satisfied,349,No,No,0,0,17586,1.67,0.12,0.07,4,No,1,0,10,5,0,0,0,1049.36,11543,4,5,No
Unsatisfied,350,No,No,0,0,8451,0.67,0.53,0.63,1,No,1,0,5,2,0,0,0,1217,7302,5,,No
Satisfied,351,No,No,0,0,3120,0.25,1.18,3.78,1,Yes,1,0,3,1,0,0,0,239.75,959,8,8,No
Satisfied,352,No,No,0,0,47040,1.33,9.55,2.03,3,No,1,0,7,4,2,1,1,142.25,1138,10,9,Yes
Satisfied,353,No,No,0,0,16079,0.75,26.6,16.54,2,No,1,0,17,3,0,0,0,195.39,3517,6,5,Yes
Somewhat Satisfied,354,Yes,No,0,0,29220,1,0.41,0.14,3,No,1,0,7,3,0,0,0,71.63,573,6,5,No
Somewhat Satisfied,355,No,No,0,0,5562,3,5.41,9.72,3,No,1,0,1,3,0,0,0,42,84,Don't know,8,No
Satisfied,356,No,No,0,0,11196,0.67,22.16,19.79,2,Yes,1,0,4,2,0,0,0,51.6,258,6,10,No
Unsatisfied,357,No,No,0,0,5436,0.33,6.88,12.65,1,No,1,0,3,1,0,0,0,105.5,422,0,Don't know,No
Unsatisfied,358,No,No,0,0,,0,,,0,No,1,0,7,0,0,0,0,40.5,324,5,Don't know,No
Unsatisfied,359,No,No,0,0,20937,0.67,45.53,21.75,2,No,1,0,13,2,21,11,3,127.29,1782,6,2,Yes
Unsatisfied,360,No,No,0,0,,6,,,6,Yes,1,0,16,6,0,0,0,0,0,5,7,No
Unsatisfied,361,Yes,No,0,0,17061,3.67,3.23,1.9,7,No,1,0,16,11,0,0,0,221.65,3768,5,5,No
Somewhat Satisfied,362,Yes,No,0,0,2572,2,38.01,147.73,3,Yes,1,0,4,4,0,0,0,99,495,,,No
Somewhat Satisfied,363,No,No,0,0,18496,0.5,0.29,0.16,2,No,1,0,9,2,0,0,0,130.2,1302,7,7,No
Somewhat Satisfied,364,Yes,No,1,4,73612,1.75,6.77,0.92,5,Yes,1,0,19,7,1,1,1,1335.7,26714,7,9,Yes
Satisfied,365,No,No,0,0,39120,2.33,0.17,0.04,7,Yes,1,0,12,7,0,0,0,43,559,6,10,Yes
Somewhat Satisfied,366,No,No,0,0,8892,1.33,3.45,3.88,4,Yes,1,0,10,4,0,0,0,51.18,563,5,5,Yes
Somewhat Satisfied,367,Yes,No,1,1,3991,1,1.71,4.27,1,No,1,0,9,1,0,0,0,39.3,393,7,7,Yes
Satisfied,368,No,No,0,0,6248,0,1.23,1.96,0,No,1,0,11,0,0,0,0,24.42,293,Don't know,,Yes
Satisfied,369,No,No,0,0,12426,1,0.09,0.08,3,Yes,1,0,7,3,0,0,0,550,4400,10,8,Yes
Satisfied,370,No,Yes,1,1,419,0,0.42,9.98,0,No,1,0,2,0,0,0,0,,,6,10,No
Unsatisfied,371,No,No,0,0,6321,2,0.06,0.09,2,No,1,0,6,2,0,0,0,93.29,653,0,Don't know,No
Unsatisfied,372,Yes,No,0,0,31581,5.33,61.74,19.55,7,Yes,1,0,15,16,0,0,0,126.5,2024,4,7,Yes
Unsatisfied,373,No,No,0,0,8319,7,4.59,5.51,7,No,1,0,12,7,0,0,0,198.62,2582,4,Don't know,Yes
Unsatisfied,374,No,No,0,0,51537,3.67,186.82,36.25,7,No,1,0,21,11,0,0,0,60.91,1340,5,Don't know,Yes
Satisfied,375,No,No,0,0,,0,,,0,No,1,0,5,0,0,0,0,30,180,9,Don't know,No
Somewhat Satisfied,376,No,No,0,0,522,0,0,0,0,No,1,0,1,0,0,0,0,4,8,7,7,No
Satisfied,377,No,No,0,0,9909,1.33,0.07,0.07,2,No,1,0,8,4,0,0,0,206.89,1862,8,8,No
Satisfied,378,No,No,0,0,14151,1.33,0.07,0.05,4,No,1,0,11,4,0,0,0,135.92,1631,9,8,Yes
Somewhat Satisfied,379,No,No,0,0,40743,4,43.5,10.68,11,Yes,1,0,23,12,0,0,0,42.13,1011,2,4,No
Unsatisfied,380,No,No,0,0,18852,2,13.03,6.91,3,No,1,0,8,6,0,0,0,113.33,1020,8,5,No
Somewhat Satisfied,381,No,No,0,0,17269,0,31.12,18.02,0,No,1,0,14,0,0,0,0,27.53,413,5,7,Yes
Satisfied,382,No,No,0,0,3912,0,1.06,2.71,0,No,1,0,3,0,0,0,0,8,32,10,10,No
Satisfied,383,No,No,0,0,8148,0.67,0.39,0.48,1,No,1,0,7,2,1,1,1,375.5,3004,10,Don't know,No
Somewhat Satisfied,384,No,No,0,0,2652,3.33,1.01,3.82,5,No,1,0,12,10,0,0,0,1093.85,14220,8,6,No
Somewhat Satisfied,385,No,No,0,0,24429,1.67,2.03,0.83,2,No,1,0,18,5,0,0,0,89.05,1692,7,7,Yes
Satisfied,386,Yes,No,0,0,12636,0.67,0,0,2,No,1,0,12,2,0,0,0,61.69,802,8,8,Yes
Somewhat Satisfied,387,No,No,0,0,20692,1,0.22,0.11,3,No,1,0,8,4,0,0,0,130.67,1176,9,Don't know,Yes
Unsatisfied,388,No,Yes,2,2,18477,2.67,88.98,48.16,6,Yes,1,0,12,8,2,1,1,157.77,2051,10,10,Yes
Satisfied,389,No,No,1,3,11001,2.67,25.58,23.25,6,Yes,1,0,10,8,0,0,0,24.82,273,8,Don't know,No
Unsatisfied,390,Yes,No,0,0,6651,0.33,9.43,14.17,1,No,1,0,5,1,5,3,3,286.17,1717,4,Don't know,Yes
Satisfied,391,No,No,0,0,37485,1,32.38,8.64,2,No,1,0,11,3,0,0,0,225.58,2707,7,5,Yes
Somewhat Satisfied,392,Yes,No,0,0,21192,2,2.87,1.35,3,No,1,0,7,6,3,2,2,48.25,386,6,Don't know,Yes
Somewhat Satisfied,393,No,No,0,0,30108,4,1.51,0.5,6,Yes,1,0,11,12,0,0,0,73.5,882,7,Don't know,Yes
Unsatisfied,394,No,No,0,0,7588,0,1,1.32,0,No,1,0,4,0,0,0,0,175,875,1,2,No
Satisfied,395,Yes,No,0,0,9750,1.67,0.43,0.44,3,No,1,0,7,5,0,0,0,91.63,733,7,Don't know,No
Unsatisfied,396,Yes,No,0,0,41262,2.33,5.22,1.26,3,No,1,0,10,7,0,0,0,229.18,2521,4,5,No
Unsatisfied,397,No,No,0,0,21051,3.33,3.6,1.71,7,Yes,1,0,18,10,2,1,1,264,5016,6,8,Yes
Somewhat Satisfied,398,No,No,0,0,18982,6,9.71,5.12,6,Yes,1,0,12,6,0,0,0,7,91,6,2,No
Satisfied,399,No,No,0,0,1494,0.67,0.36,2.43,1,No,1,0,5,2,0,0,0,472.67,2836,10,10,No
Unsatisfied,400,Yes,No,2,2,23562,1.33,12.82,5.44,2,No,1,0,17,4,2,1,1,194.89,3508,0,9,No
Somewhat Satisfied,401,No,No,0,0,4054,2,0.47,1.16,2,Yes,1,0,4,4,0,0,0,61,305,,,No
Satisfied,402,No,No,0,0,0,1,0,0,1,No,1,0,1,1,0,0,0,0,0,5,5,No
Unsatisfied,403,No,No,0,0,31677,3.33,174.82,55.19,7,No,1,0,22,10,0,0,0,292.78,6734,0,0,Yes
Unsatisfied,404,No,No,0,0,35712,1.67,5.45,1.53,4,No,1,0,12,5,0,0,0,416.69,5417,7,5,No
Unsatisfied,405,No,No,0,0,438,2,0.01,0.28,2,Yes,1,0,3,2,0,0,0,16,64,2,2,No
Unsatisfied,406,No,No,0,0,31509,3,18.03,5.72,6,Yes,1,0,20,9,0,0,0,81.62,1714,9,9,Yes
Somewhat Satisfied,407,No,No,0,0,1499,6,0.01,0.08,6,Yes,1,0,11,6,0,0,0,72.33,868,,,No
Unsatisfied,408,No,No,0,0,34101,3,5.19,1.52,7,Yes,1,0,14,9,6,6,3,597.47,8962,5,2,Yes
Satisfied,409,No,No,0,0,27402,1.33,0.28,0.1,2,No,1,0,12,4,0,0,0,56.77,738,0,10,Yes
Satisfied,410,No,Yes,0,0,1706,4,1.42,8.31,4,Yes,1,0,11,4,0,0,0,48.58,583,Don't know,7,No
Satisfied,411,No,No,0,0,18219,1,29.77,16.34,2,Yes,1,0,14,3,0,0,0,53.53,803,7,6,Yes
Somewhat Satisfied,412,No,No,0,0,70164,0.75,21.28,3.03,3,No,1,0,12,3,0,0,0,98.69,1283,3,6,No
Somewhat Satisfied,413,No,No,0,0,602,7,0.05,0.79,7,Yes,1,0,9,7,0,0,0,51.3,513,3,6,No
Somewhat Satisfied,414,No,No,0,0,53455,0.8,6.56,1.23,3,No,1,0,17,4,0,0,0,92.72,1669,5,0,Yes
Unsatisfied,415,No,No,0,0,33597,2.33,0.18,0.06,7,Yes,1,0,20,7,0,0,0,24.43,513,3,3,No
Somewhat Satisfied,416,Yes,No,1,4,10536,0.75,0,0,2,No,1,0,6,3,0,0,0,824.57,5772,3,5,No
Satisfied,417,No,Yes,0,0,3716,0.33,11.94,32.11,1,No,1,0,3,1,0,0,0,53,212,7,7,No
Satisfied,418,No,No,0,0,6936,2.33,2.82,4.06,3,Yes,1,0,3,7,0,0,0,356.5,1426,3,8,No
Unsatisfied,419,Yes,No,4+,28,50806,1.14,2.82,0.56,5,Yes,1,0,23,8,0,0,0,61.42,1474,7,5,Yes
Somewhat Satisfied,420,No,No,0,0,,0.33,,,1,No,1,0,4,1,0,0,0,3695.4,18477,Don't know,,Yes
Unsatisfied,421,No,No,0,0,11822,4,3.07,2.6,4,No,1,0,15,4,0,0,0,10.56,169,7,2,No
Unsatisfied,422,No,No,0,0,34761,4,0.54,0.16,8,Yes,1,0,14,12,0,0,0,58,870,2,5,Yes
Satisfied,423,No,No,0,0,110,0,0,0,0,Yes,1,0,1,0,0,0,0,6,12,8,Don't know,No
Somewhat Satisfied,424,No,No,0,0,13911,3.67,4.53,3.26,10,Yes,1,0,29,11,0,0,0,461.3,13839,2,7,Yes
Satisfied,425,No,No,0,0,5727,0.33,0,0,1,No,1,0,6,1,2,1,1,64.86,454,8,8,No
Somewhat Satisfied,426,Yes,Yes,0,0,9963,0.67,0.47,0.48,2,No,1,0,12,2,0,0,0,47.92,623,4,5,Yes
Unsatisfied,427,No,Yes,0,0,57508,2.25,0.87,0.15,8,Yes,1,0,11,9,0,0,0,263.58,3163,4,2,Yes
Satisfied,428,Yes,No,0,0,18603,1.67,22.79,12.25,3,No,1,0,8,5,0,0,0,141.44,1273,0,8,No
Somewhat Satisfied,429,No,No,0,0,14223,1.67,8.06,5.66,3,No,1,0,8,5,0,0,0,80.22,722,,,No
Satisfied,430,No,No,0,0,75945,3.67,19.51,2.57,8,No,1,0,17,11,0,0,0,59.28,1067,4,2,Yes
Somewhat Satisfied,431,No,No,0,0,4443,0.33,1.68,3.79,1,No,1,0,2,1,0,0,0,179,537,,,No
Somewhat Satisfied,432,Yes,No,0,0,23706,0.67,3.53,1.49,2,Yes,1,0,6,2,1,1,1,3539.43,24776,,,No
Somewhat Satisfied,433,No,No,0,0,450,0,0.06,1.32,0,No,1,0,2,0,0,0,0,50.33,151,7,5,No
Somewhat Satisfied,434,No,No,0,0,4050,1,16.07,39.68,1,No,1,0,3,2,0,0,0,101.75,407,,,No
Unsatisfied,435,No,No,0,0,39066,3,9.11,2.33,6,No,1,0,25,9,0,0,0,112.15,2916,0,Don't know,No
Satisfied,436,No,No,0,0,8763,4,3.93,4.49,4,Yes,1,0,5,4,0,0,0,29,174,5,Don't know,No
Somewhat Satisfied,437,No,No,0,0,10647,0.67,22.48,21.11,2,No,1,0,8,2,0,0,0,235.44,2119,,,No
Somewhat Satisfied,438,No,No,0,0,0,0,0,0,0,Yes,1,0,3,0,3,2,2,35917.75,143671,,,No
Somewhat Satisfied,439,No,No,0,0,2848,0,1.19,4.17,0,No,1,0,3,0,0,0,0,3.5,14,Don't know,Don't know,No
Unsatisfied,440,No,No,4+,8,44778,2.33,76.13,17,3,Yes,1,0,8,7,0,0,0,177.33,1596,7,4,Yes
Somewhat Satisfied,441,No,No,0,0,4623,1,0.11,0.24,3,Yes,1,0,6,3,0,0,0,53.71,376,3,Don't know,No
Satisfied,442,No,No,0,0,5565,0,0.07,0.13,0,No,1,0,3,0,1,1,1,34.25,137,8,7,No
Satisfied,443,No,No,0,0,8901,0,20.62,23.17,0,No,1,0,7,0,0,0,0,21.63,173,6,0,No
Unsatisfied,444,No,No,0,0,21053,2.33,7.09,3.37,5,Yes,1,0,14,7,0,0,0,2007.8,30117,0,Don't know,No
Somewhat Satisfied,445,No,No,0,0,13479,3,23.86,17.7,4,No,1,0,7,9,2,1,1,3745.5,29964,7,7,No
Unsatisfied,446,No,No,0,0,43422,2,5.19,1.2,3,No,1,0,10,6,0,0,0,143.09,1574,2,Don't know,No
Unsatisfied,447,Yes,No,0,0,1550,3,1.96,12.62,3,No,1,0,10,3,0,0,0,9,99,0,10,No
Unsatisfied,448,No,No,0,0,,0,,,0,No,1,0,5,0,0,0,0,420.17,2521,4,3,No
Satisfied,449,No,No,0,0,28467,0.33,3.03,1.06,1,No,1,0,7,1,0,0,0,85.75,686,8,8,Yes
Somewhat Satisfied,450,No,No,0,0,4903,10,1.59,3.25,10,Yes,1,0,18,10,0,0,0,40.53,770,4,Don't know,No
Somewhat Satisfied,451,No,Yes,0,0,11115,3.33,186.01,167.33,7,No,1,0,24,10,0,0,0,64.56,1614,7,Don't know,No
Satisfied,452,No,No,0,0,9111,1.67,54.79,60.12,2,No,1,0,5,5,0,0,0,231.5,1389,2,8,No
Unsatisfied,453,No,No,0,0,26208,2.67,6.07,2.31,5,Yes,1,0,17,8,2,1,1,453.78,8168,2,Don't know,Yes
Somewhat Satisfied,454,Yes,No,0,0,19195,0.4,1.46,0.76,2,Yes,1,0,4,2,0,0,0,69,345,2,3,No
Satisfied,455,No,No,0,0,25095,0.67,0.63,0.25,2,No,1,0,8,2,0,0,0,714.56,6431,9,10,Yes
Unsatisfied,456,No,No,0,0,8514,2,0.62,0.73,4,Yes,1,0,7,6,6,3,3,562.75,4502,7,10,No
Satisfied,457,No,No,0,0,9285,1.67,9.66,10.4,4,No,1,0,12,5,0,0,0,45.54,592,8,8,No
Somewhat Satisfied,458,No,No,0,0,25728,1,0,0,1,No,1,0,9,3,0,0,0,102.6,1026,,,Yes
Satisfied,459,No,No,0,0,150,1.5,2.57,170.05,2,No,1,0,5,3,0,0,0,722.5,4335,6,5,No
Unsatisfied,460,No,No,0,0,12108,1.33,7.31,6.03,4,Yes,1,0,8,4,0,0,0,457.33,4116,7,5,No
Somewhat Satisfied,461,Yes,No,0,0,12855,1.33,8.42,6.55,4,Yes,1,0,8,4,0,0,0,137.56,1238,8,6,No
Unsatisfied,462,No,No,0,0,21918,3.33,19.05,8.69,10,Yes,1,0,16,10,2,1,1,56.24,956,8,5,No
Unsatisfied,463,No,No,0,0,16800,0.67,0.76,0.45,1,No,1,0,8,2,0,0,0,1973.78,17764,0,1,Yes
Satisfied,464,No,No,0,0,11973,0.67,0.13,0.11,1,No,1,0,7,2,0,0,0,774,6192,4,10,No
Satisfied,465,No,No,0,0,16830,0.67,4.51,2.68,2,No,1,0,7,2,0,0,0,395.75,3166,10,10,No
Satisfied,466,Yes,Yes,0,0,13479,0,10.2,7.57,0,No,1,0,4,0,0,0,0,24.8,124,10,9,No
Somewhat Satisfied,467,No,No,0,0,9552,0.67,1.6,1.68,2,No,1,0,8,2,0,0,0,56.56,509,,,No
Unsatisfied,468,No,No,2,4,45159,3,31.85,7.05,7,Yes,1,0,14,9,1,1,1,354.53,5318,6,2,Yes
Unsatisfied,469,No,No,0,0,4171,2,5.02,12.02,2,No,1,0,4,2,0,0,0,20,100,1,1,No
Somewhat Satisfied,470,No,No,0,0,4713,1,0.17,0.36,2,No,1,0,7,3,0,0,0,89.25,714,7,7,No
Unsatisfied,471,No,No,0,0,9555,2.33,81.39,85.17,4,No,1,0,11,7,0,0,0,1114.25,13371,5,3,Yes
Unsatisfied,472,No,No,0,0,188,1,0,0,1,No,1,0,2,1,0,0,0,3,9,0,0,No
Satisfied,473,No,No,0,0,24107,1,0.57,0.24,2,No,1,0,12,3,0,0,0,58.31,758,8,7,No
Unsatisfied,474,No,No,0,0,14426,10,1.85,1.29,10,Yes,1,0,22,10,0,0,0,50.57,1163,7,8,No
Satisfied,475,No,No,0,0,53744,1.25,3.23,0.6,5,Yes,1,0,17,5,0,0,0,77.11,1388,2,5,Yes
Satisfied,476,No,No,1,4,59124,1.5,8.87,1.5,5,Yes,1,0,13,6,0,0,0,355.64,4979,8,3,No
Unsatisfied,477,No,No,0,0,50553,0.67,13.31,2.63,2,No,1,0,10,2,0,0,0,420.36,4624,Don't know,Don't know,No
Satisfied,478,No,No,0,0,6234,3,0,0,6,Yes,1,0,9,6,0,0,0,22.9,229,5,Don't know,Yes
Satisfied,479,No,No,0,0,34284,1.33,12.66,3.69,4,No,1,0,14,4,0,0,0,234.2,3513,7,8,Yes
Satisfied,480,Yes,No,0,0,8838,1.67,16.13,18.24,5,No,1,0,8,5,0,0,0,380.67,3426,10,10,No
Satisfied,481,Yes,No,0,0,11754,0.5,0,0,1,No,1,0,8,1,3,3,3,2560.67,23046,8,5,No
Satisfied,482,No,No,0,0,68160,0.25,1.13,0.17,1,No,1,0,16,1,0,0,0,261.53,4446,8,8,Yes
Satisfied,483,No,No,0,0,,0.33,,,1,No,1,0,5,1,0,0,0,106.83,641,7,7,No
Satisfied,484,No,Yes,0,0,27583,7,32.48,11.77,7,Yes,1,0,24,7,0,0,0,102.28,2557,3,8,Yes
Satisfied,485,No,No,0,0,31161,1,4.86,1.56,3,No,1,0,16,3,0,0,0,21.88,372,7,Don't know,Yes
Somewhat Satisfied,486,No,No,0,0,62,4,0,0,4,Yes,1,0,5,4,0,0,0,214.67,1288,0,5,No
Somewhat Satisfied,487,No,No,0,0,28880,2.5,2.29,0.79,4,Yes,1,0,9,5,0,0,0,647.4,6474,,,No
Somewhat Satisfied,488,No,No,0,0,77424,4.67,171.72,22.18,6,No,1,0,23,14,0,0,0,144.83,3476,5,Don't know,Yes
Somewhat Satisfied,489,No,No,0,0,9765,1.33,12.62,12.92,3,No,1,0,6,4,2,2,2,390.71,2735,0,0,No
Unsatisfied,490,Yes,No,0,0,1444,4,2.44,16.91,4,No,1,0,14,4,0,0,0,143.33,2150,7,6,Yes
Satisfied,491,No,Yes,0,0,7588,0.25,4.33,5.71,1,No,1,0,4,1,0,0,0,125.2,626,6,6,Yes
Satisfied,492,No,No,1,1,2925,3,3.02,10.32,3,Yes,1,0,7,3,0,0,0,159.75,1278,9,7,Yes
Somewhat Satisfied,493,No,No,0,0,12084,4,0.22,0.18,4,No,1,0,6,4,0,0,0,15,105,9,7,Yes
Satisfied,494,No,No,0,0,20244,1,4.71,2.32,2,Yes,1,0,6,3,0,0,0,25.86,181,5,5,No
Satisfied,495,No,No,0,0,8325,0.67,0.12,0.15,2,No,1,0,5,2,0,0,0,68.67,412,8,10,Yes
Unsatisfied,496,Yes,No,0,0,10714,8,27.76,25.91,8,Yes,1,0,23,8,0,0,0,100.46,2411,6,10,Yes
Satisfied,497,No,No,0,0,32915,1,1.68,0.51,3,No,1,0,11,3,0,0,0,56.17,674,10,10,Yes
Satisfied,498,No,No,0,0,12720,0.67,0.43,0.34,2,No,1,0,6,2,2,1,1,544.57,3812,9,,No
Satisfied,499,No,No,0,0,8595,0.33,6.28,7.31,1,No,1,0,6,1,0,0,0,80.14,561,10,Don't know,No
Satisfied,500,No,Yes,0,0,6915,0.67,3.76,5.44,1,Yes,1,0,7,2,0,0,0,1308.5,10468,5,7,Yes
Satisfied,501,No,No,0,0,53322,1,134.4,25.2,3,Yes,1,0,11,3,0,0,0,88.83,1066,7,7,No
Somewhat Satisfied,502,No,No,0,0,205115,1.4,23.24,1.13,6,No,1,0,29,7,2,1,1,126.47,3794,5,Don't know,Yes
Satisfied,503,No,No,0,0,9552,1.67,0.13,0.14,4,No,1,0,13,5,2,1,1,19.07,267,1,7,Yes
Somewhat Satisfied,504,No,No,0,0,25308,1.67,1.47,0.58,4,No,1,0,9,5,0,0,0,59.2,592,Don't know,Don't know,Yes
Satisfied,505,No,No,1,1,2099,8,0,0,8,Yes,1,0,9,8,0,0,0,21.9,219,10,9,Yes
Satisfied,506,No,No,0,0,7298,1,0,0,2,No,1,0,6,2,0,0,0,25.57,179,1,6,Yes
Satisfied,507,Yes,No,0,0,1698,0.67,0.15,0.87,2,No,1,0,6,2,0,0,0,64.43,451,Don't know,Don't know,No
Satisfied,508,Yes,No,0,0,9060,1,2.64,2.92,1,Yes,1,0,7,3,0,0,0,11.25,90,10,Don't know,No
Unsatisfied,509,No,No,0,0,,0,,,0,No,1,0,0,0,0,0,0,,,5,5,No
Satisfied,510,No,No,0,0,50979,1.33,5.13,1.01,2,Yes,1,0,25,4,0,0,0,75.73,1969,10,6,Yes
Somewhat Satisfied,511,Yes,No,0,0,13248,4.33,1.35,1.02,7,Yes,1,0,18,13,0,0,0,268.32,5098,,,No
Unsatisfied,512,Yes,No,0,0,4362,0.67,1.33,3.06,1,No,1,0,6,2,1,1,1,10.14,71,2,Don't know,No
Unsatisfied,513,No,No,0,0,41718,3.5,41.88,10.04,4,Yes,1,0,12,7,1,1,1,209.77,2727,7,Don't know,Yes
Satisfied,514,No,No,0,0,2385,7,17.76,74.42,7,No,1,0,7,7,0,0,0,10.63,85,5,2,No
Unsatisfied,515,No,No,0,0,1701,1,0,0,1,No,1,0,3,1,0,0,0,28.5,114,1,0,Yes
Unsatisfied,516,No,No,0,0,90664,1.25,8.26,0.91,4,No,1,0,17,5,1,1,1,102.72,1849,4,0,Yes
Unsatisfied,517,No,No,0,0,42459,3.33,74.99,17.66,5,No,1,0,24,10,5,4,3,550.56,13764,1,1,Yes
Unsatisfied,518,No,No,0,0,28683,1,5.47,1.91,2,No,1,0,12,3,0,0,0,164.46,2138,6,2,No
Satisfied,519,No,Yes,0,0,18688,2.5,1.97,1.05,8,No,1,0,27,10,1,1,1,68.93,1930,0,0,Yes
Satisfied,520,No,No,0,0,12390,1,1.84,1.48,3,Yes,1,0,8,3,2,1,1,48.22,434,7,7,Yes
Satisfied,521,No,No,0,0,3396,1,0,0,2,Yes,1,0,3,3,0,0,0,222.75,891,9,9,No
Satisfied,522,No,No,0,0,1856,1,1.24,6.66,2,No,1,0,3,2,0,0,0,428.25,1713,10,10,Yes
Satisfied,523,No,No,0,0,8145,0,0.25,0.31,0,No,1,0,7,0,0,0,0,16927.75,135422,8,9,No
Satisfied,524,No,No,0,0,18012,1.67,30.91,17.16,3,No,1,0,7,5,0,0,0,407.38,3259,8,Don't know,No
Somewhat Satisfied,525,No,Yes,0,0,11307,1.33,31.62,27.96,3,No,1,0,8,4,0,0,0,52.22,470,8,Don't know,No
Satisfied,526,No,No,0,0,9534,0.67,1.03,1.08,1,No,1,0,6,2,0,0,0,168.43,1179,10,Don't know,No
Unsatisfied,527,No,No,0,0,56139,2,8.53,1.52,3,No,1,0,14,6,2,1,1,357.27,5359,2,4,Yes
Satisfied,528,No,No,0,0,17082,0.67,0.54,0.31,1,No,1,0,13,2,0,0,0,63.79,893,10,7,Yes
Somewhat Satisfied,529,No,No,0,0,8054,15,2.09,2.6,15,Yes,1,0,31,15,0,0,0,9,288,,,No
Somewhat Satisfied,530,Yes,No,4+,8,11492,0.5,6.2,5.4,1,No,1,0,3,1,5,5,3,37.5,150,,,Yes
Satisfied,531,No,No,0,0,,0.33,,,1,No,1,0,9,1,0,0,0,88.1,881,8,Don't know,Yes
Unsatisfied,532,Yes,No,0,0,10338,2,2.26,2.18,2,Yes,1,0,14,6,0,0,0,23.87,358,3,3,Yes
Somewhat Satisfied,533,No,No,0,0,2436,2,0,0,2,No,1,0,5,2,0,0,0,140.83,845,,,No
Satisfied,534,No,No,0,0,43350,4,18.79,4.33,11,Yes,1,0,24,12,0,0,0,274.2,6855,10,10,Yes
Unsatisfied,535,No,No,0,0,5168,1,0.1,0.19,1,No,1,0,4,1,0,0,0,16.8,84,1,0,No
Somewhat Satisfied,536,No,No,0,0,489,1,0.06,1.23,1,No,1,0,4,1,0,0,0,299.2,1496,3,Don't know,No
Satisfied,537,No,No,0,0,22623,2.33,23.32,10.31,3,No,1,0,13,7,0,0,0,301.07,4215,8,8,No
Unsatisfied,538,No,No,4+,10,3308,1.5,0.18,0.54,2,No,1,0,4,3,3,3,3,18445.4,92227,2,Don't know,No
Satisfied,539,No,No,0,0,29760,2.33,0.69,0.23,4,No,1,0,14,7,0,0,0,72.27,1084,8,10,Yes
Satisfied,540,No,No,1,5,54500,1.2,31.3,5.74,2,No,1,0,13,6,0,0,0,177,2478,10,3,Yes
Somewhat Satisfied,541,Yes,No,0,0,12669,0.67,1.07,0.84,1,No,1,0,8,2,0,0,0,79.78,718,,,No
Somewhat Satisfied,542,No,No,0,0,13254,2.33,17.97,13.56,5,Yes,1,0,13,7,0,0,0,145.29,2034,0,Don't know,Yes
Somewhat Satisfied,543,Yes,No,0,0,6453,0.67,1.63,2.53,1,No,1,0,15,2,0,0,0,335.63,5370,5,7,No
Satisfied,544,No,No,3,8,17640,0.33,3.83,2.17,1,No,1,0,9,1,4,2,2,79.5,795,9,10,No
Unsatisfied,545,No,No,0,0,10014,1.67,1.44,1.44,3,No,1,0,14,5,0,0,0,91.33,1370,10,10,No
Unsatisfied,546,No,No,0,0,16338,1,0.84,0.52,2,No,1,0,8,3,0,0,0,28.22,254,1,Don't know,No
Satisfied,547,Yes,No,3,8,15105,3.67,3.36,2.23,7,Yes,1,0,18,11,1,1,1,52.47,997,9,10,No
Satisfied,548,No,No,0,0,31680,1.6,1.01,0.32,4,No,1,0,19,8,0,0,0,110.4,2208,6,4,Yes
Unsatisfied,549,Yes,No,0,0,70636,0.25,18.81,2.66,1,No,1,0,8,1,0,0,0,73.56,662,6,Don't know,Yes
Unsatisfied,550,Yes,Yes,0,0,11820,0,75.77,64.1,0,No,1,0,4,0,0,0,0,24.2,121,2,0,Yes
Unsatisfied,551,No,No,0,0,7815,0.67,0.39,0.5,2,No,1,0,5,2,0,0,0,2244.5,13467,10,10,Yes
Unsatisfied,552,No,No,0,0,8621,8,1.04,1.2,8,Yes,1,0,12,8,0,0,0,110.85,1441,Don't know,Don't know,No
Somewhat Satisfied,553,Yes,No,0,0,4767,1.67,0.75,1.57,4,Yes,1,0,8,5,0,0,0,44.56,401,,,No
Satisfied,554,No,No,0,0,4373,6,4.75,10.86,6,Yes,1,0,8,6,0,0,0,31,279,0,10,Yes
Satisfied,555,No,No,0,0,3752,2,0.66,1.77,3,No,1,0,9,4,0,0,0,57.5,575,10,8,Yes
Satisfied,556,Yes,No,1,1,4304,2,8.24,19.14,2,No,1,0,3,2,0,0,0,8.75,35,9,8,No
Unsatisfied,557,No,No,0,0,17969,9,7.91,4.4,9,Yes,1,0,14,9,0,0,0,388.53,5828,0,7,No
Satisfied,558,No,No,1,1,6492,1,0.54,0.84,1,No,1,0,8,1,0,0,0,6.33,57,9,Don't know,No
Unsatisfied,559,No,No,0,0,24980,0.25,0.59,0.24,1,No,1,0,6,1,0,0,0,23,161,2,2,Yes
Satisfied,560,No,No,0,0,11628,0.67,0.42,0.36,2,Yes,1,0,8,2,0,0,0,193.78,1744,8,0,Yes
Satisfied,561,No,Yes,0,0,4101,1,99.46,242.47,3,No,1,0,4,3,0,0,0,261.8,1309,7,Don't know,No
Unsatisfied,562,No,No,0,0,52416,1.67,3.43,0.66,4,No,1,0,22,5,0,0,0,438.83,10093,4,5,No
Somewhat Satisfied,563,No,No,0,0,16659,1.33,8.96,5.38,4,No,1,0,15,4,0,0,0,35.88,574,,,Yes
Unsatisfied,564,No,No,0,0,4976,1.75,0.17,0.33,3,No,1,0,15,7,0,0,0,257.75,4124,4,Don't know,No
Satisfied,565,No,No,0,0,15606,2,8.85,5.67,5,No,1,0,10,6,0,0,0,205.09,2256,4,8,Yes
Somewhat Satisfied,566,No,No,0,0,60,0,0,0,0,No,1,0,2,0,0,0,0,,,4,3,Yes
Unsatisfied,567,Yes,No,0,0,47628,1.5,13.26,2.78,3,No,1,0,11,6,0,0,0,390.58,4687,6,3,Yes
Somewhat Satisfied,568,Yes,No,0,0,9402,6,2.82,3,6,No,1,0,20,6,0,0,0,3.9,82,,,Yes
Unsatisfied,569,No,No,0,0,10484,0.5,0.36,0.34,1,No,1,0,8,2,1,1,1,865.22,7787,7,6,No
Unsatisfied,570,No,No,4+,63,27276,0,4.71,1.73,0,No,1,0,14,0,0,0,0,0,0,8,5,No
Unsatisfied,571,Yes,No,0,0,23265,1.67,12.44,5.35,5,Yes,1,0,14,5,0,0,0,219.4,3291,0,4,Yes
Satisfied,572,Yes,No,0,0,40617,1.67,3.24,0.8,4,No,1,0,8,5,2,1,1,17.22,155,8,8,Yes
Somewhat Satisfied,573,No,No,0,0,12447,4,0.54,0.43,4,No,1,0,7,4,0,0,0,50.88,407,6,Don't know,Yes
Satisfied,574,No,No,0,0,70872,2.67,0.32,0.04,3,No,1,0,32,8,0,0,0,1583.61,52259,7,Don't know,No
Somewhat Satisfied,575,No,No,0,0,6288,1.67,0.44,0.7,2,Yes,1,0,7,5,0,0,0,331.75,2654,,,No
Unsatisfied,576,No,No,0,0,5199,1.67,0.15,0.29,4,No,1,0,10,5,0,0,0,2014.91,22164,1,8,No
Satisfied,577,No,No,0,0,8524,3.5,0.06,0.07,7,No,1,0,10,7,0,0,0,42.91,472,5,10,No
Satisfied,578,No,No,0,0,13392,0.5,10.96,8.18,2,No,1,0,7,2,0,0,0,14.13,113,4,10,Yes
Unsatisfied,579,No,No,0,0,82326,0.33,2.22,0.27,1,No,1,0,12,1,0,0,0,42.23,549,1,5,Yes
Somewhat Satisfied,580,No,Yes,0,0,36159,1,726.47,200.9,3,No,1,0,18,3,0,0,0,94.47,1795,7,7,Yes
Somewhat Satisfied,581,Yes,No,0,0,2040,0.67,0.66,3.22,2,No,1,0,3,2,0,0,0,17.25,69,7,Don't know,No
Unsatisfied,582,No,No,0,0,8454,2.67,0.16,0.19,4,No,1,0,6,8,0,0,0,227.14,1590,9,6,No
Somewhat Satisfied,583,No,No,0,0,33792,1,23.79,7.04,3,No,1,0,9,3,0,0,0,546.6,5466,7,8,Yes
Satisfied,584,No,No,0,0,11814,0.67,8.98,7.6,2,No,1,0,9,2,0,0,0,83.1,831,7,0,No
Somewhat Satisfied,585,No,No,0,0,3315,5,0.17,0.51,5,No,1,0,9,5,0,0,0,110.2,1102,5,2,Yes
Satisfied,586,No,No,0,0,960,0.5,0.06,0.59,1,No,1,0,3,1,0,0,0,11,44,7,8,No
Somewhat Satisfied,587,No,No,0,0,12508,3.5,9.85,7.88,6,No,1,0,12,7,0,0,0,121.54,1580,6,10,Yes
Unsatisfied,588,No,No,0,0,8542,5,0.72,0.84,5,No,1,0,15,5,0,0,0,93.5,1496,2,Don't know,No
Somewhat Satisfied,589,No,No,0,0,10013,7,2.39,2.38,7,No,1,0,12,7,0,0,0,95.08,1236,4,4,No
Unsatisfied,590,No,No,0,0,4434,0.67,0.51,1.15,1,No,1,0,4,2,0,0,0,20.6,103,7,6,Yes
Satisfied,591,No,No,0,0,14694,0,0,0,0,No,1,0,8,0,1,1,1,12.22,110,9,5,Yes
Unsatisfied,592,No,No,0,0,4065,1,0.59,1.45,1,No,1,0,5,3,0,0,0,2522.33,15134,1,Don't know,No
Satisfied,593,No,No,0,0,24066,0.67,10.89,4.52,1,No,1,0,10,2,4,2,2,382.64,4209,0,7,Yes
Somewhat Satisfied,594,No,Yes,0,0,2343,0.33,0.46,1.96,1,No,1,0,1,1,0,0,0,13,26,5,3,No
Unsatisfied,595,No,No,0,0,1455,3,0,0,3,No,1,0,13,3,0,0,0,28.21,395,0,0,No
Somewhat Satisfied,596,No,No,0,0,9868,1.5,4.91,4.97,2,No,1,0,7,3,0,0,0,456.13,3649,,,No
Unsatisfied,597,No,No,0,0,61398,1.33,6.52,1.06,3,No,1,0,16,4,2,1,1,93.18,1584,3,8,Yes
Unsatisfied,598,No,No,0,0,25935,2,81.79,31.53,3,No,1,0,19,6,0,0,0,1037.55,20751,9,7,No
Somewhat Satisfied,599,No,No,0,0,18543,9,2,1.08,9,No,1,0,21,9,0,0,0,45,990,5,Don't know,Yes
Satisfied,600,No,No,0,0,3339,0,0.08,0.25,0,No,1,0,2,0,0,0,0,154,462,8,5,No
Satisfied,601,No,No,0,0,18165,0.67,1.39,0.77,1,No,1,0,7,2,0,0,0,3118.25,24946,6,Don't know,No
Unsatisfied,602,No,No,0,0,24850,3.5,1.76,0.71,5,No,1,0,11,7,0,0,0,69.92,839,1,3,Yes
Somewhat Satisfied,603,No,No,0,0,8101,3,0.02,0.02,3,No,1,0,11,3,0,0,0,62.58,751,Don't know,Don't know,No
Unsatisfied,604,No,No,0,0,,0,,,0,No,1,0,0,0,0,0,0,,,2,0,Yes
Somewhat Satisfied,605,No,No,0,0,3204,0.33,0,0,1,No,1,0,4,1,0,0,0,188.8,944,,,No
Somewhat Satisfied,606,No,No,0,0,3167,5,1.4,4.41,5,Yes,1,0,19,5,0,0,0,27.7,554,3,5,No
Satisfied,607,No,No,0,0,9431,5,1.46,1.55,5,Yes,1,0,11,5,0,0,0,23.92,287,9,7,Yes
Satisfied,608,No,No,0,0,17550,0.33,2.18,1.24,1,No,1,0,5,1,0,0,0,2806.17,16837,8,0,Yes
Satisfied,609,No,No,0,0,18990,1,0.38,0.2,2,No,1,0,4,3,0,0,0,233.6,1168,8,Don't know,Yes
Satisfied,610,No,No,0,0,10833,1.33,2.07,1.91,3,No,1,0,3,4,1,1,1,1931,7724,0,Don't know,No
Somewhat Satisfied,611,No,No,2,6,7374,2.33,9,12.2,5,Yes,1,0,12,7,0,0,0,390.15,5072,6,4,No
Somewhat Satisfied,612,No,No,0,0,34482,3.67,12,3.48,9,No,1,0,24,11,0,0,0,42,1050,3,5,No
Satisfied,613,No,No,0,0,23520,0.67,0.5,0.21,1,No,1,0,8,2,1,1,1,262.22,2360,8,Don't know,Yes
Satisfied,614,No,No,0,0,25746,0.67,4.65,1.81,2,No,1,0,13,2,0,0,0,273.93,3835,8,9,Yes
Somewhat Satisfied,615,No,No,0,0,4936,1.25,1.11,2.25,2,No,1,0,4,5,0,0,0,13191.8,65959,1,2,No
Unsatisfied,616,No,No,0,0,1000,2,0.04,0.45,2,No,1,0,3,2,0,0,0,19.5,78,7,6,No
Unsatisfied,617,No,No,0,0,64983,2.67,2.39,0.37,5,No,1,0,41,8,0,0,0,89.9,3776,8,Don't know,Yes
Somewhat Satisfied,618,No,No,0,0,22248,3,4.81,2.16,8,Yes,1,0,14,9,0,0,0,684.47,10267,4,1,Yes
Unsatisfied,619,No,No,0,0,19911,6.33,16.52,8.3,7,No,1,0,13,19,0,0,0,838.43,11738,9,Don't know,No
Somewhat Satisfied,620,Yes,No,0,0,18380,1.8,30.46,16.57,8,Yes,1,0,16,9,4,1,1,35.71,607,8,8,No
Satisfied,621,No,No,0,0,19101,0.67,0.07,0.03,2,Yes,1,0,4,2,1,1,1,2674.2,13371,7,Don't know,No
Somewhat Satisfied,622,No,No,0,0,3181,3,0.47,1.46,3,No,1,0,11,3,0,0,0,46.17,554,0,0,No
Somewhat Satisfied,623,No,No,0,0,421,2,0.25,5.92,2,No,1,0,2,2,0,0,0,14,42,0,Don't know,No
Satisfied,624,No,No,0,0,135780,1.67,173.47,12.78,5,No,1,0,10,5,0,0,0,36.73,404,6,Don't know,Yes
Unsatisfied,625,No,Yes,0,0,20046,2.67,6.57,3.28,8,Yes,1,0,37,8,0,0,0,93.37,3548,10,3,Yes
Unsatisfied,626,No,No,0,0,1084,6,4.41,40.67,6,No,1,0,10,6,0,0,0,7.73,85,2,5,No
Somewhat Satisfied,627,No,Yes,0,0,27126,2.33,0.49,0.18,3,No,1,0,7,7,0,0,0,605.25,4842,,,No
Unsatisfied,628,No,No,0,0,6915,5,0.09,0.13,5,Yes,1,0,12,5,0,0,0,118.31,1538,10,5,No
Satisfied,629,No,No,0,0,16473,1.67,4.99,3.03,4,No,1,0,11,5,0,0,0,158.92,1907,10,10,No
Unsatisfied,630,No,No,0,0,75120,1,10.54,1.4,2,No,1,0,13,3,0,0,0,26.93,377,6,7,Yes
Satisfied,631,No,No,0,0,5115,0.67,0.39,0.77,1,No,1,0,5,2,0,0,0,927,5562,8,Don't know,No
Somewhat Satisfied,632,No,No,0,0,33783,0.5,0.32,0.09,1,No,1,0,10,2,0,0,0,412.36,4536,4,5,No
Satisfied,633,No,No,0,0,24159,1.67,6.79,2.81,4,Yes,1,0,13,5,3,2,2,440.71,6170,2,8,Yes
Unsatisfied,634,No,No,0,0,2574,9,15.14,58.79,9,Yes,1,0,13,9,0,0,0,198.93,2785,4,4,No
Somewhat Satisfied,635,No,Yes,0,0,27666,2,327.81,118.48,4,No,1,0,13,6,0,0,0,391.86,5486,6,3,Yes
Somewhat Satisfied,636,No,No,0,0,24609,2.33,10.29,4.18,7,No,1,0,15,7,0,0,0,7418.44,118695,2,Don't know,Yes
Satisfied,637,No,Yes,0,0,42054,1.33,70,16.64,4,No,1,0,17,4,0,0,0,111.67,2010,4,Don't know,Yes
Unsatisfied,638,Yes,No,1,3,50064,3,1.53,0.3,8,No,1,0,19,12,3,1,1,659.4,13188,7,5,No
Satisfied,639,No,No,0,0,32715,1.67,39,11.92,3,No,1,0,14,5,0,0,0,130.33,1955,5,5,No
Unsatisfied,640,No,No,1,3,19633,1.67,12.53,6.38,3,Yes,1,0,12,5,0,0,0,72.15,938,8,6,Yes
Somewhat Satisfied,641,Yes,No,0,0,935,0,0.75,8.05,0,No,1,0,3,0,0,0,0,0,0,7,5,No
Unsatisfied,642,No,No,0,0,14208,0,40.6,28.57,0,No,1,0,13,0,0,0,0,3491.64,48883,0,2,Yes
Somewhat Satisfied,643,No,No,0,0,37815,1.67,0.49,0.13,2,No,1,0,5,5,0,0,0,71.5,429,6,7,Yes
Unsatisfied,644,No,Yes,0,0,1010,2,194.36,1922.42,2,Yes,1,0,2,2,0,0,0,108,324,2,1,No
Somewhat Satisfied,645,No,No,0,0,30405,0.6,40.67,13.38,2,No,1,0,7,3,0,0,0,414.88,3319,9,8,No
Satisfied,646,Yes,No,0,0,10164,2.5,1.88,1.85,3,No,1,0,8,5,0,0,0,803.11,7228,10,Don't know,No
Satisfied,647,No,No,0,0,63957,3.33,0.63,0.1,6,No,1,0,23,10,0,0,0,15.08,362,8,1,Yes
Satisfied,648,No,No,0,0,18534,0.67,3.33,1.8,1,No,1,0,9,2,1,1,1,399.5,3995,9,7,Yes
Unsatisfied,649,No,No,0,0,33156,1.67,5.96,1.8,3,Yes,1,0,14,5,0,0,0,220.93,3314,1,1,Yes
Somewhat Satisfied,650,Yes,Yes,1,3,38955,2,0.78,0.2,3,No,1,0,14,6,20,20,3,1152.67,17290,9,3,Yes
Somewhat Satisfied,651,No,No,0,0,19974,1.33,7.53,3.77,4,No,1,0,14,4,0,0,0,36.07,541,,,No
Satisfied,652,No,No,0,0,21243,1.33,20.53,9.66,3,No,1,0,7,4,0,0,0,409.38,3275,8,Don't know,No
Unsatisfied,653,Yes,No,1,1,15348,1.33,7.25,4.72,4,Yes,1,0,9,4,0,0,0,94.7,947,2,2,No
Unsatisfied,654,No,No,0,0,30315,1,1.53,0.5,3,No,1,0,14,3,0,0,0,32.27,484,0,1,Yes
Satisfied,655,No,No,0,0,13980,1,0.54,0.39,2,No,1,0,7,3,0,0,0,134.5,1076,2,2,Yes
Unsatisfied,656,No,No,0,0,8109,14,1.35,1.67,14,Yes,1,0,23,14,0,0,0,58,1392,0,Don't know,No
Somewhat Satisfied,657,No,No,0,0,9021,1,0.22,0.25,3,No,1,0,5,3,0,0,0,219.5,1317,,,Yes
Unsatisfied,658,No,No,0,0,49032,2.33,12.39,2.53,4,No,1,0,22,7,0,0,0,355.87,8185,5,2,No
Satisfied,659,Yes,No,2,5,8880,1.33,0.1,0.12,4,No,1,0,9,4,2,1,1,211.2,2112,8,7,No
Unsatisfied,660,No,Yes,2,4,39423,3.67,441.1,111.89,5,Yes,1,0,27,11,4,2,2,76.64,2146,8,5,Yes
Satisfied,661,No,No,0,0,8100,0.33,5.49,6.78,1,No,1,0,5,1,0,0,0,11.17,67,7,Don't know,No
Somewhat Satisfied,662,No,No,0,0,11511,2,0.06,0.05,2,Yes,1,0,10,2,0,0,0,121.73,1339,8,10,No
Unsatisfied,663,No,No,0,0,16323,1,7.44,4.56,3,Yes,1,0,12,3,0,0,0,32.23,419,0,0,No
Somewhat Satisfied,664,No,No,0,0,9273,2.33,4.86,5.24,4,No,1,0,9,7,0,0,0,473.7,4737,,,No
Somewhat Satisfied,665,No,No,0,0,30843,2,1.82,0.59,3,No,1,0,12,6,0,0,0,1705.08,22166,,,Yes
Unsatisfied,666,No,No,0,0,6745,2,6.76,10.03,2,No,1,0,9,2,0,0,0,72.5,725,0,0,No
Somewhat Satisfied,667,No,No,0,0,40527,5.33,54.87,13.54,6,No,1,0,17,16,0,0,0,413.17,7437,1,0,Yes
Unsatisfied,668,No,No,0,0,20868,1,0.43,0.2,3,Yes,1,0,12,4,0,0,0,4205.23,54668,5,3,Yes
Unsatisfied,669,No,No,0,0,19173,1,0.49,0.26,2,Yes,1,0,8,3,0,0,0,2152,19368,3,4,No
Unsatisfied,670,No,No,0,0,786,2,0.03,0.42,2,No,1,0,5,2,0,0,0,9.33,56,10,Don't know,No
Unsatisfied,671,No,No,0,0,11766,0.33,14.17,12.04,1,No,1,0,5,1,0,0,0,4259.5,25557,10,7,No
Somewhat Satisfied,672,Yes,No,0,0,5239,2,0,0,2,No,1,0,4,2,0,0,0,130.2,651,,,No
Satisfied,673,No,No,0,0,2304,1,121.7,527.99,1,No,1,0,8,3,7,4,3,1640,14760,4,8,No
Unsatisfied,674,No,No,0,0,22,0,2.4,1042.31,0,No,1,0,2,0,0,0,0,0,0,10,Don't know,No
Somewhat Satisfied,675,Yes,No,0,0,21375,0.67,10.36,4.85,2,Yes,1,0,7,2,0,0,0,75,600,4,5,No
Satisfied,676,No,No,0,0,5745,0.33,5.24,9.12,1,No,1,0,10,1,0,0,0,41.91,461,8,8,No
Satisfied,677,No,No,0,0,7296,0.33,0,0,1,No,1,0,6,1,0,0,0,237.86,1665,10,9,No
Somewhat Satisfied,678,Yes,No,0,0,9764,3,1.54,1.58,3,Yes,1,0,8,3,0,0,0,13.56,122,,,No
Unsatisfied,679,No,Yes,0,0,1909,3,0.45,2.33,3,No,1,0,8,3,0,0,0,10.78,97,3,3,No
Somewhat Satisfied,680,No,Yes,0,0,4758,1.33,0.53,1.11,2,No,1,0,4,4,0,0,0,981.8,4909,,,No
Unsatisfied,681,No,No,0,0,40566,2.33,9.12,2.25,4,No,1,0,15,7,0,0,0,185.13,2962,8,8,Yes
Unsatisfied,682,No,No,0,0,33316,4.5,13.75,4.13,7,Yes,1,0,13,9,0,0,0,137.93,1931,5,Don't know,Yes
Satisfied,683,No,No,1,3,6072,0.67,0.29,0.48,2,Yes,1,0,4,2,0,0,0,61.4,307,5,Don't know,No
Unsatisfied,684,No,No,1,3,33270,1.67,106.59,32.04,2,No,1,0,28,5,0,0,0,99.86,2896,6,5,Yes
Unsatisfied,685,No,No,0,0,3545,2,1.68,4.74,2,No,1,0,2,2,0,0,0,50,150,5,6,No
Satisfied,686,No,No,0,0,9873,2,0.12,0.12,5,No,1,0,9,6,0,0,0,25.5,255,3,5,Yes
Unsatisfied,687,Yes,No,0,0,21732,0.33,22.02,10.13,1,No,1,0,18,1,43,22,3,75.11,1427,2,9,No
Somewhat Satisfied,688,No,No,0,0,4,0,0,0,0,No,1,0,1,0,0,0,0,41,82,Don't know,Don't know,No
Somewhat Satisfied,689,Yes,No,0,0,1605,5,0.6,3.76,5,Yes,1,0,10,5,0,0,0,25.73,283,5,2,Yes
Satisfied,690,No,No,0,0,46611,2.67,0.15,0.03,4,Yes,1,0,11,8,0,0,0,20.75,249,9,5,No
Satisfied,691,No,No,0,0,8247,0.33,0,0,1,No,1,0,6,1,0,0,0,20.43,143,9,7,No
Somewhat Satisfied,692,No,No,0,0,1011,2,0.18,1.78,2,Yes,1,0,4,2,0,0,0,162.6,813,,,No
Somewhat Satisfied,693,No,No,0,0,2326,1,11.09,47.65,1,No,1,0,4,1,0,0,0,92.6,463,,,No
Unsatisfied,694,No,No,0,0,14988,0.33,0.8,0.53,1,No,1,0,6,1,0,0,0,458.71,3211,3,2,No
Satisfied,695,No,No,2,2,193,0,0,0,0,No,1,0,1,0,0,0,0,13.5,27,4,5,No
Satisfied,696,Yes,No,0,0,9906,1,0,0,2,No,1,0,8,3,0,0,0,148.67,1338,9,Don't know,No
Unsatisfied,697,No,No,0,0,9357,1,0.08,0.08,3,Yes,1,0,10,3,0,0,0,36.64,403,1,2,No
Somewhat Satisfied,698,No,No,0,0,7194,1.33,0,0,3,Yes,1,0,5,4,0,0,0,52.33,314,8,3,No
Unsatisfied,699,No,No,0,0,27930,2.33,12.4,4.44,5,No,1,0,11,7,0,0,0,150.75,1809,0,Don't know,No
Somewhat Satisfied,700,No,No,0,0,15693,3.33,2.66,1.69,7,No,1,0,11,10,0,0,0,22.17,266,8,9,Yes
Satisfied,701,No,No,0,0,5727,0.33,2.72,4.74,1,No,1,0,6,1,0,0,0,97.71,684,0,5,Yes
Somewhat Satisfied,702,No,No,0,0,8564,0.25,1.65,1.93,1,No,1,0,11,1,0,0,0,30.25,363,7,6,No
Somewhat Satisfied,703,No,No,0,0,47555,1.2,1.69,0.36,3,No,1,0,11,6,0,0,0,145.33,1744,,,No
Satisfied,704,No,No,0,0,34116,1,5.91,1.73,2,No,1,0,9,3,0,0,0,92.7,927,8,4,No
Satisfied,705,No,Yes,0,0,10827,0,1.35,1.25,0,No,1,0,5,0,0,0,0,68,408,10,8,Yes
Unsatisfied,706,No,No,0,0,6536,5,3.87,5.92,5,No,1,0,11,5,0,0,0,26.92,323,2,Don't know,No
Satisfied,707,No,No,0,0,22806,1,0.69,0.3,3,Yes,1,0,8,3,0,0,0,8,72,4,Don't know,Yes
Unsatisfied,708,No,No,1,3,31638,3.33,20.47,6.47,6,Yes,1,0,18,10,0,0,0,639.05,12142,3,0,No
Unsatisfied,709,No,No,1,2,34323,1,11.75,3.42,3,No,1,0,11,3,2,1,1,195.25,2343,3,0,No
Satisfied,710,No,No,0,0,21195,1,0.15,0.07,3,No,1,0,15,3,0,0,0,448.44,7175,5,8,Yes
Satisfied,711,No,Yes,0,0,5232,4,24.85,47.49,6,Yes,1,0,9,8,0,0,0,100.1,1001,9,,No
Unsatisfied,712,No,No,0,0,17394,11,2.26,1.3,11,Yes,1,0,28,11,0,0,0,88.76,2574,0,0,No
Unsatisfied,713,No,Yes,1,3,33408,0.33,25.04,7.49,1,No,1,0,9,1,4,2,2,177.6,1776,0,0,Yes
Unsatisfied,714,No,No,0,0,10551,1,16.48,15.62,3,No,1,0,7,3,0,0,0,259.13,2073,0,4,No
Satisfied,715,No,No,0,0,77676,1.67,10.96,1.41,3,No,1,0,17,5,0,0,0,105.44,1898,5,7,Yes
Unsatisfied,716,No,No,0,0,33924,1.67,26.27,7.74,5,No,1,0,20,5,0,0,0,552.19,11596,6,Don't know,Yes
Unsatisfied,717,No,No,0,0,22560,3,6.68,2.96,7,Yes,1,0,23,9,1,1,1,636.54,15277,3,4,No
Unsatisfied,718,No,No,0,0,30288,2,2.76,0.91,5,Yes,1,0,16,6,0,0,0,4159.82,70717,6,7,Yes
Satisfied,719,No,No,0,0,15231,0,0.16,0.11,0,No,1,0,8,0,0,0,0,26.22,236,7,Don't know,No
Somewhat Satisfied,720,No,No,0,0,,0,,,0,No,1,0,0,0,0,0,0,,,4,10,No
Satisfied,721,No,No,1,3,4692,0.67,0.16,0.34,1,No,1,0,7,2,0,0,0,236.63,1893,7,Don't know,Yes
Satisfied,722,No,No,0,0,17634,1.33,0.05,0.03,4,No,1,0,18,4,0,0,0,981.26,18644,7,8,Yes
Satisfied,723,Yes,No,0,0,20223,0.67,2.01,1,1,No,1,0,6,2,0,0,0,188.71,1321,9,9,No
Unsatisfied,724,No,No,0,0,11252,5,0.29,0.26,5,No,1,0,17,5,0,0,0,37.44,674,0,7,Yes
Unsatisfied,725,No,No,0,0,5279,7,1.36,2.57,7,Yes,1,0,10,7,0,0,0,30,330,1,3,No
Unsatisfied,726,No,Yes,0,0,2745,5,0.41,1.49,5,No,1,0,8,5,0,0,0,22.56,203,1,2,No
Unsatisfied,727,Yes,No,0,0,29064,3.75,38.5,13.25,6,Yes,1,0,13,15,0,0,0,137.43,1924,8,1,No
Somewhat Satisfied,728,No,No,0,0,156,4,0,0,4,Yes,1,0,7,4,0,0,0,0,0,3,2,No
Satisfied,729,No,No,0,0,8910,1.67,0.31,0.35,3,No,1,0,5,5,0,0,0,452.83,2717,9,9,No
Unsatisfied,730,No,No,0,0,33486,3.33,22.49,6.72,7,No,1,0,25,10,0,0,0,109.27,2841,5,5,No
Somewhat Satisfied,731,No,No,0,0,68001,1,53.35,7.85,2,Yes,1,0,7,3,0,0,0,66.25,530,,,No
Somewhat Satisfied,732,Yes,No,0,0,6117,4,2.73,4.46,4,No,1,0,10,4,0,0,0,15.27,168,Don't know,10,No
Unsatisfied,733,No,Yes,0,0,13311,1,14.4,10.82,3,Yes,1,0,4,3,0,0,0,2257,11285,6,Don't know,No
Somewhat Satisfied,734,Yes,No,0,0,25362,0.33,12.94,5.1,1,No,1,0,10,1,0,0,0,19.45,214,0,0,Yes
Somewhat Satisfied,735,No,No,0,0,,0,,,0,No,1,0,8,0,0,0,0,294.22,2648,5,8,No
Satisfied,736,No,Yes,0,0,1814,3,2.61,14.39,3,Yes,1,0,8,3,0,0,0,13.44,121,8,Don't know,Yes
Satisfied,737,Yes,No,0,0,1522,0,1.04,6.85,0,No,1,0,3,0,0,0,0,950.5,3802,9,Don't know,No
Unsatisfied,738,No,No,0,0,,0,,,0,No,1,0,0,0,0,0,0,,,2,1,Yes
Somewhat Satisfied,739,No,No,0,0,25788,0.5,0.17,0.07,2,Yes,1,0,10,2,0,0,0,70.55,776,4,7,Yes
Somewhat Satisfied,740,No,No,0,0,25380,0.25,40.43,15.93,1,No,1,0,6,1,0,0,0,466.14,3263,7,10,Yes
Unsatisfied,741,No,No,0,0,58832,1.25,23.52,4,2,Yes,1,0,20,5,3,1,1,191.57,4023,3,3,Yes
Satisfied,742,No,No,0,0,22035,0.67,1.71,0.78,1,No,1,0,6,2,0,0,0,68.86,482,8,9,No
Satisfied,743,No,No,0,0,27420,1,1.8,0.66,2,Yes,1,0,14,3,0,0,0,1545,23175,8,Don't know,No
Satisfied,744,No,No,0,0,15588,0.67,0,0,2,No,1,0,10,2,0,0,0,468.45,5153,6,0,Yes
Unsatisfied,745,Yes,No,0,0,49836,2.75,21.52,4.32,4,No,1,0,17,11,0,0,0,130.33,2346,8,Don't know,No
Unsatisfied,746,No,No,0,0,22360,0.25,11.02,4.93,1,No,1,0,6,1,0,0,0,7777.14,54440,2,0,No
Somewhat Satisfied,747,No,No,0,0,12720,0.67,4.14,3.25,2,Yes,1,0,4,2,4,2,2,945.2,4726,10,9,Yes
Somewhat Satisfied,748,No,No,0,0,5850,1.67,0.04,0.07,2,No,1,0,6,5,0,0,0,30.86,216,5,Don't know,No
Somewhat Satisfied,749,No,Yes,0,0,46596,2.33,12.03,2.58,5,No,1,0,14,7,0,0,0,3335.73,50036,,,No
Satisfied,750,No,No,0,0,15546,0.67,4.22,2.72,2,No,1,0,5,2,0,0,0,24.17,145,8,7,No
Satisfied,751,No,No,0,0,46122,0,0.43,0.09,0,No,1,0,10,0,0,0,0,70.09,771,7,9,Yes
Somewhat Satisfied,752,No,No,0,0,9750,1.33,0.83,0.85,4,Yes,1,0,6,4,1,1,1,112.29,786,4,Don't know,No
Satisfied,753,No,No,0,0,3620,5,7.84,21.65,5,Yes,1,0,7,5,0,0,0,64.38,515,7,7,No
Unsatisfied,754,No,No,0,0,1547,4,1.43,9.25,4,Yes,1,0,6,4,0,0,0,45.29,317,7,Don't know,No
Somewhat Satisfied,755,No,No,0,0,17748,0.67,0.34,0.19,2,No,1,0,13,2,0,0,0,118,1652,6,5,Yes
Somewhat Satisfied,756,No,No,0,0,43188,1.33,3.06,0.71,3,No,1,0,19,4,0,0,0,52.25,1045,7,7,Yes
Satisfied,757,No,No,0,0,8532,1.25,4.76,5.58,2,No,1,0,9,5,0,0,0,3639.5,36395,8,10,No
Somewhat Satisfied,758,No,No,0,0,6804,0.33,0,0,1,No,1,0,2,1,0,0,0,0,0,Don't know,4,No
Satisfied,759,No,No,0,0,19095,0.67,0.04,0.02,2,No,1,0,6,2,0,0,0,537.29,3761,10,Don't know,Yes
Somewhat Satisfied,760,No,No,0,0,0,0.67,0,0,2,Yes,1,0,2,2,0,0,0,,,,,No
Satisfied,761,No,No,0,0,4701,0.33,0,0,1,No,1,0,9,1,0,0,0,1450.7,14507,0,8,Yes
Unsatisfied,762,No,No,0,0,5019,5,0,0,5,Yes,1,0,6,5,0,0,0,81,567,8,5,No
Unsatisfied,763,No,No,0,0,18807,2,7.45,3.96,5,Yes,1,0,8,6,0,0,0,50.67,456,2,2,No
Somewhat Satisfied,764,No,No,1,1,8121,1,0.09,0.11,3,No,1,0,9,3,2,2,2,161.2,1612,6,5,No
Satisfied,765,No,No,0,0,8973,0.33,1.72,1.91,1,No,1,0,10,1,0,0,0,121,1331,6,10,No
Somewhat Satisfied,766,No,No,0,0,9090,1.5,0.11,0.12,3,No,1,0,10,3,1,1,1,191.09,2102,5,5,No
Satisfied,767,No,No,0,0,5559,2,75.35,135.52,2,Yes,1,0,6,6,0,0,0,526.29,3684,10,5,No
Satisfied,768,No,No,0,0,45412,0.33,180.17,39.67,1,No,1,0,12,1,0,0,0,80.15,1042,10,10,No
Unsatisfied,769,No,No,0,0,26163,1.33,49.47,18.91,4,Yes,1,0,11,4,0,0,0,739.75,8877,2,2,Yes
Satisfied,770,No,No,0,0,24993,1.33,52.91,21.17,4,No,1,0,11,4,0,0,0,322.08,3865,10,5,Yes
Satisfied,771,No,No,0,0,35133,0,0,0,0,No,1,0,9,0,0,0,0,11.9,119,8,Don't know,Yes
Satisfied,772,No,No,0,0,4245,0.67,0.45,1.07,1,No,1,0,2,2,0,0,0,415.33,1246,8,7,No
Unsatisfied,773,No,No,1,2,47049,1,8.43,1.79,3,Yes,1,0,15,3,2,1,1,897.63,14362,4,0,No
Satisfied,774,No,No,0,0,13854,1.33,2.7,1.95,2,No,1,0,6,4,0,0,0,89.14,624,10,10,No
Satisfied,775,No,Yes,2,5,6681,1.33,0,0,2,No,1,0,6,4,0,0,0,103.14,722,8,7,Yes
Somewhat Satisfied,776,No,No,3,9,7641,1.33,7.56,9.89,3,Yes,1,0,7,4,6,3,3,2015.38,16123,10,6,No
Satisfied,777,No,No,0,0,2577,1.67,2.83,10.98,3,No,1,0,3,5,0,0,0,494,1976,9,9,No
Somewhat Satisfied,778,No,No,0,0,16575,0.33,13.78,8.31,1,No,1,0,2,1,2,1,1,197.33,592,,,No
Satisfied,779,No,No,0,0,2673,5,0.74,2.76,5,No,1,0,7,5,0,0,0,68.63,549,8,9,Yes
Somewhat Satisfied,780,No,No,0,0,9792,1.5,7.4,7.56,5,No,1,0,14,6,0,0,0,446.8,6702,6,3,Yes
Somewhat Satisfied,781,Yes,No,0,0,72912,0.67,9.11,1.25,2,No,1,0,15,2,0,0,0,1409.81,22557,8,7,Yes
Satisfied,782,No,No,0,0,9862,3,10.36,10.51,3,Yes,1,0,14,3,0,0,0,8.2,123,Don't know,Don't know,Yes
Satisfied,783,No,Yes,0,0,2189,2,0.41,1.88,2,No,1,0,8,2,0,0,0,34.44,310,7,7,Yes
Satisfied,784,No,Yes,0,0,1084,0,0,0,0,No,1,0,3,0,1,1,1,432.5,1730,8,8,No
Somewhat Satisfied,785,Yes,Yes,0,0,26097,1.67,2361.7,904.93,3,No,1,0,11,5,0,0,0,36.08,433,5,Don't know,No
Satisfied,786,Yes,No,0,0,14763,1.67,25.36,17.18,4,Yes,1,0,9,5,2,1,1,37.7,377,8,Don't know,Yes
Somewhat Satisfied,787,No,No,0,0,3273,4,1.3,3.98,4,No,1,0,9,4,0,0,0,27.2,272,8,6,Yes
Unsatisfied,788,No,No,0,0,36219,1,9.36,2.58,3,Yes,1,0,15,3,0,0,0,25.38,406,6,5,No
Unsatisfied,789,No,Yes,0,0,9026,2.5,110.14,122.01,3,Yes,1,0,7,5,0,0,0,1196.38,9571,0,10,No
Satisfied,790,No,No,0,0,6435,0.67,0.27,0.42,1,No,1,0,7,2,0,0,0,1094.63,8757,7,Don't know,No
Satisfied,791,No,No,0,0,8904,0,383.61,430.78,0,No,1,0,4,0,0,0,0,4152.8,20764,4,6,No
Satisfied,792,No,No,0,0,4964,2,10.17,20.49,2,No,1,0,13,2,0,0,0,0,0,8,Don't know,No
Somewhat Satisfied,793,No,No,4+,8,21813,2,2.06,0.94,4,Yes,1,0,18,6,0,0,0,75.16,1428,9,9,Yes
Somewhat Satisfied,794,No,No,1,1,2229,1,0.42,1.88,3,Yes,1,0,4,3,1,1,1,229.8,1149,7,8,No
Somewhat Satisfied,795,No,No,0,0,8637,1.67,2.81,3.26,5,No,1,0,8,5,0,0,0,4761.11,42850,7,Don't know,Yes
Unsatisfied,796,No,No,3,15,34700,1.2,10.14,2.92,3,No,1,0,15,6,4,1,1,122.44,1959,0,0,No
Somewhat Satisfied,797,No,No,0,0,9978,1.33,0,0,4,No,1,0,16,4,0,0,0,4336.71,73724,4,3,Yes
Unsatisfied,798,No,No,0,0,,0,,,0,No,1,0,4,0,0,0,0,143,715,3,4,No
Satisfied,799,Yes,No,0,0,46092,1,16.66,3.61,2,No,1,0,7,3,0,0,0,32.75,262,9,9,Yes
Satisfied,800,No,No,0,0,18576,0.33,3.84,2.06,1,No,1,0,11,1,0,0,0,349.75,4197,8,7,Yes
Somewhat Satisfied,801,No,No,0,0,1014,0.33,12.59,124.03,1,No,1,0,6,1,3,3,3,94.14,659,,,No
Satisfied,802,No,No,0,0,894,0.33,0,0,1,No,1,0,7,1,0,0,0,1088.38,8707,3,Don't know,No
Somewhat Satisfied,803,No,No,0,0,156,0,0.29,18.17,0,No,1,0,1,0,0,0,0,19,38,,,No
Satisfied,804,No,No,0,0,42957,2,14.28,3.32,5,Yes,1,0,11,6,0,0,0,166.92,2003,4,Don't know,No
Satisfied,805,No,No,0,0,53883,1.67,42.52,7.89,5,Yes,1,0,11,5,0,0,0,127.67,1532,0,10,No
Somewhat Satisfied,806,No,No,0,0,15006,0.33,1.81,1.21,1,No,1,0,3,1,0,0,0,93,372,,,No
Somewhat Satisfied,807,No,No,0,0,15860,0,0.17,0.11,0,No,1,0,7,0,0,0,0,1722.25,13778,,,No
Unsatisfied,808,Yes,No,1,4,19540,1.5,2.29,1.17,3,No,1,0,10,6,1,1,1,8868.64,97555,3,Don't know,Yes
Satisfied,809,No,No,0,0,4689,0,0,0,0,No,1,0,8,0,0,0,0,2727.89,24551,9,9,No
Unsatisfied,810,No,No,2,4,40182,1.67,2.21,0.55,4,Yes,1,0,14,5,2,1,1,149.93,2249,4,10,Yes
Satisfied,811,No,No,0,0,53304,5,10.66,2,12,Yes,1,0,26,15,0,0,0,63.67,1719,10,10,Yes
Satisfied,812,No,No,0,0,7992,0,4.48,5.6,0,No,1,0,14,0,0,0,0,5356.07,80341,3,0,Yes
Satisfied,813,No,No,0,0,26979,1.33,4.12,1.53,2,No,1,0,9,4,0,0,0,40.3,403,9,9,Yes
Satisfied,814,No,No,0,0,34572,2,70.22,20.31,4,No,1,0,13,6,0,0,0,169,2366,7,6,No
Somewhat Satisfied,815,Yes,No,0,0,114240,1.5,18.44,1.61,4,No,1,0,17,9,0,0,0,2156.44,38816,3,0,Yes
Unsatisfied,816,Yes,No,0,0,43875,1.67,13.34,3.04,3,No,1,0,13,5,0,0,0,3802.21,53231,6,8,Yes
Somewhat Satisfied,817,No,No,0,0,13691,7,50.41,36.82,7,No,1,0,15,7,0,0,0,91.69,1467,,,No
Unsatisfied,818,No,No,0,0,2914,1,0.28,0.96,1,No,1,0,12,1,0,0,0,42.46,552,7,8,No
Satisfied,819,Yes,Yes,0,0,23120,1.2,2.25,0.97,5,No,1,0,11,6,0,0,0,2492.75,29913,9,7,No
Somewhat Satisfied,820,No,No,0,0,1513,5,0.29,1.91,5,Yes,1,0,8,5,0,0,0,9.33,84,6,4,Yes
Satisfied,821,No,No,0,0,23049,0.33,0.12,0.05,1,No,1,0,6,1,0,0,0,25.14,176,8,Don't know,Yes
Unsatisfied,822,Yes,Yes,0,0,2844,0,2.9,10.18,0,No,1,0,6,0,3,1,1,92.43,647,5,6,Yes
Unsatisfied,823,No,No,0,0,45268,2,2.78,0.61,4,No,1,0,13,8,1,1,1,596.14,8346,Don't know,Don't know,Yes
Satisfied,824,No,No,0,0,25482,1.33,0.05,0.02,2,No,1,0,7,4,0,0,0,267.75,2142,7,6,Yes
Satisfied,825,No,No,0,0,1892,4,0.55,2.9,4,No,1,0,7,4,0,0,0,8.88,71,4,Don't know,No
Satisfied,826,No,No,0,0,5621,3,0.58,1.03,3,No,1,0,5,3,0,0,0,5.83,35,7,Don't know,No
Somewhat Satisfied,827,No,No,0,0,1311,1,0.03,0.23,1,No,1,0,4,3,0,0,0,494.8,2474,5,Don't know,No
Unsatisfied,828,No,No,0,0,2448,2,1.53,6.26,3,No,1,0,4,6,0,0,0,107.2,536,1,8,No
Unsatisfied,829,No,No,3,9,33234,3.33,6.03,1.82,7,No,1,0,11,10,2,1,1,91.08,1093,9,10,Yes
Somewhat Satisfied,830,No,No,0,0,2794,0,0.16,0.58,0,No,1,0,6,0,0,0,0,20.86,146,0,Don't know,No
Satisfied,831,No,Yes,0,0,11874,0.67,79,66.53,2,No,1,0,10,2,0,0,0,79.73,877,8,Don't know,No
Somewhat Satisfied,832,No,No,0,0,,0,,,0,No,1,0,0,0,0,0,0,,,,,Yes
Satisfied,833,No,No,0,0,13366,11,0.87,0.65,11,Yes,1,0,15,11,0,0,0,73.5,1176,10,Don't know,Yes
Somewhat Satisfied,834,No,No,0,0,37662,1,0.21,0.06,2,No,1,0,7,3,0,0,0,1176.5,9412,0,7,Yes
Unsatisfied,835,No,No,0,0,24426,2.33,13.09,5.36,5,No,1,0,16,7,0,0,0,3558.24,60490,6,7,Yes
Satisfied,836,No,No,0,0,25668,2,4.2,1.64,3,No,1,0,7,6,0,0,0,676.5,5412,9,8,No
Unsatisfied,837,No,No,0,0,11804,1.5,3.21,2.72,3,No,1,0,9,3,0,0,0,294,2940,5,6,No
Satisfied,838,No,No,0,0,27612,1.25,0.22,0.08,2,No,1,0,10,5,0,0,0,1189.73,13087,7,Don't know,Yes
Satisfied,839,No,No,0,0,1629,0.33,0,0,1,No,1,0,3,1,0,0,0,1515.25,6061,8,Don't know,No
Satisfied,840,Yes,No,0,0,3207,1,4.58,14.28,2,No,1,0,8,3,0,0,0,319.78,2878,6,6,Yes
Satisfied,841,No,No,0,0,,1.33,,,2,No,1,0,4,4,0,0,0,252.2,1261,7,Don't know,No
Somewhat Satisfied,842,No,No,0,0,474,0.33,0,0,1,No,1,0,6,1,0,0,0,117.43,822,,,No
Satisfied,843,No,No,0,0,8496,2,0.81,0.95,2,Yes,1,0,8,2,0,0,0,7.44,67,8,8,Yes
Somewhat Satisfied,844,No,No,0,0,18951,2,8.5,4.49,5,No,1,0,14,6,0,0,0,213.4,3201,,,No
Somewhat Satisfied,845,No,No,0,0,6606,1,1.23,1.86,2,No,1,0,8,3,0,0,0,1357.56,12218,0,0,No
Satisfied,846,No,No,0,0,4871,3,2.66,5.45,3,Yes,1,0,10,3,0,0,0,155.82,1714,6,6,No
Somewhat Satisfied,847,No,No,0,0,18450,0.67,16.4,8.89,1,No,1,0,7,2,0,0,0,75.88,607,,,No
Satisfied,848,Yes,No,0,0,25074,3.67,8.69,3.47,7,Yes,1,0,17,11,0,0,0,75.44,1358,5,2,No
Somewhat Satisfied,849,No,No,3,3,2915,3,0.09,0.32,3,No,1,0,3,3,0,0,0,5.5,22,Don't know,Don't know,No
Satisfied,850,No,No,0,0,18396,2.67,7.88,4.28,6,No,1,0,13,8,0,0,0,1045.57,14638,8,7,No
Satisfied,851,No,No,0,0,,1.67,,,3,Yes,1,0,4,5,0,0,0,,,9,Don't know,No
Satisfied,852,No,No,0,0,21186,0.67,73.47,34.68,2,No,1,0,11,2,0,0,0,1.42,17,6,5,No
Satisfied,853,No,No,0,0,8877,1.33,3,3.38,3,No,1,0,8,4,0,0,0,359,3231,9,9,No
